"","year","player_name","ranking","top_10","wins","score_average","rounds","bounce_back","driving_accuracy","driving_distance","par5_SA","gir","hole_proximity","putts_round","scramble","sg_t2g","sg_total"
"1",2016,"Aaron Baddeley","146",0,0,71.539,34,18.48,57.56,284.5,4.55,64.71,"757.167",28.38,62.5,-0.556,-0.612
"2",2017,"Aaron Baddeley","146",0,0,71.539,34,18.48,57.56,284.5,4.55,64.71,"757.167",28.38,62.5,-0.556,-0.612
"3",2018,"Aaron Baddeley","146",0,0,71.539,34,18.48,57.56,284.5,4.55,64.71,"757.167",28.38,62.5,-0.556,-0.612
"4",2019,"Aaron Baddeley","146",0,0,71.539,34,18.48,57.56,284.5,4.55,64.71,"757.167",28.38,62.5,-0.556,-0.612
"5",2016,"Aaron Wise","104",1,0,70.907,44,22.88,54.9,302.5,4.61,70.96,"1,615.333",30,60,0.752,-0.042
"6",2017,"Aaron Wise","104",1,0,70.907,44,22.88,54.9,302.5,4.61,70.96,"1,615.333",30,60,0.752,-0.042
"7",2018,"Aaron Wise","104",1,0,70.907,44,22.88,54.9,302.5,4.61,70.96,"1,615.333",30,60,0.752,-0.042
"8",2019,"Aaron Wise","104",1,0,70.907,44,22.88,54.9,302.5,4.61,70.96,"1,615.333",30,60,0.752,-0.042
"9",2016,"Abraham Ancer","T53",2,0,70.548,59,26.15,72.45,290.5,4.58,70.44,"2,024.750",28.86,63.09,0.703,0.785
"10",2017,"Abraham Ancer","T53",2,0,70.548,59,26.15,72.45,290.5,4.58,70.44,"2,024.750",28.86,63.09,0.703,0.785
"11",2018,"Abraham Ancer","T53",2,0,70.548,59,26.15,72.45,290.5,4.58,70.44,"2,024.750",28.86,63.09,0.703,0.785
"12",2019,"Abraham Ancer","T53",2,0,70.548,59,26.15,72.45,290.5,4.58,70.44,"2,024.750",28.86,63.09,0.703,0.785
"13",2016,"Adam Hadwin","102",1,0,71.115,54,24.53,61.97,294.4,4.72,62.35,"2,164.000",28.41,60.66,0.039,0.364
"14",2017,"Adam Hadwin","102",1,0,71.115,54,24.53,61.97,294.4,4.72,62.35,"2,164.000",28.41,60.66,0.039,0.364
"15",2018,"Adam Hadwin","102",1,0,71.115,54,24.53,61.97,294.4,4.72,62.35,"2,164.000",28.41,60.66,0.039,0.364
"16",2019,"Adam Hadwin","102",1,0,71.115,54,24.53,61.97,294.4,4.72,62.35,"2,164.000",28.41,60.66,0.039,0.364
"17",2016,"Adam Long","T127",2,0,71.183,55,17.81,65.42,290,4.66,63.46,"2,110.167",28.58,58.77,-0.437,-0.573
"18",2017,"Adam Long","T127",2,0,71.183,55,17.81,65.42,290,4.66,63.46,"2,110.167",28.58,58.77,-0.437,-0.573
"19",2018,"Adam Long","T127",2,0,71.183,55,17.81,65.42,290,4.66,63.46,"2,110.167",28.58,58.77,-0.437,-0.573
"20",2019,"Adam Long","T127",2,0,71.183,55,17.81,65.42,290,4.66,63.46,"2,110.167",28.58,58.77,-0.437,-0.573
"21",2016,"Adam Schenk","T135",0,0,71.309,64,22.16,59.62,297.5,4.58,64.84,"1,935.917",28.7,64.69,0.102,0.02
"22",2017,"Adam Schenk","T135",0,0,71.309,64,22.16,59.62,297.5,4.58,64.84,"1,935.917",28.7,64.69,0.102,0.02
"23",2018,"Adam Schenk","T135",0,0,71.309,64,22.16,59.62,297.5,4.58,64.84,"1,935.917",28.7,64.69,0.102,0.02
"24",2019,"Adam Schenk","T135",0,0,71.309,64,22.16,59.62,297.5,4.58,64.84,"1,935.917",28.7,64.69,0.102,0.02
"25",2016,"Adam Scott","80",1,0,70.914,44,30.34,54.38,308,4.65,65.91,"1,699.833",29.23,49.26,0.211,0.552
"26",2017,"Adam Scott","80",1,0,70.914,44,30.34,54.38,308,4.65,65.91,"1,699.833",29.23,49.26,0.211,0.552
"27",2018,"Adam Scott","80",1,0,70.914,44,30.34,54.38,308,4.65,65.91,"1,699.833",29.23,49.26,0.211,0.552
"28",2019,"Adam Scott","80",1,0,70.914,44,30.34,54.38,308,4.65,65.91,"1,699.833",29.23,49.26,0.211,0.552
"29",2016,"Alex Noren","119",0,0,71.135,52,16.22,53.74,298.9,4.5,61.22,"2,352.583",28.21,60.33,-0.141,0.09
"30",2017,"Alex Noren","119",0,0,71.135,52,16.22,53.74,298.9,4.5,61.22,"2,352.583",28.21,60.33,-0.141,0.09
"31",2018,"Alex Noren","119",0,0,71.135,52,16.22,53.74,298.9,4.5,61.22,"2,352.583",28.21,60.33,-0.141,0.09
"32",2019,"Alex Noren","119",0,0,71.135,52,16.22,53.74,298.9,4.5,61.22,"2,352.583",28.21,60.33,-0.141,0.09
"33",2016,"Andrew Landry","T175",1,0,72.316,48,17.69,68.21,290.9,4.7,63.19,"2,103.500",28.79,57.86,-0.274,-0.742
"34",2017,"Andrew Landry","T175",1,0,72.316,48,17.69,68.21,290.9,4.7,63.19,"2,103.500",28.79,57.86,-0.274,-0.742
"35",2018,"Andrew Landry","T175",1,0,72.316,48,17.69,68.21,290.9,4.7,63.19,"2,103.500",28.79,57.86,-0.274,-0.742
"36",2019,"Andrew Landry","T175",1,0,72.316,48,17.69,68.21,290.9,4.7,63.19,"2,103.500",28.79,57.86,-0.274,-0.742
"37",2016,"Andrew Putnam","114",3,0,71.061,61,18.31,60.56,284.8,4.66,66.21,"2,184.833",28.7,64.96,-0.268,0.129
"38",2017,"Andrew Putnam","114",3,0,71.061,61,18.31,60.56,284.8,4.66,66.21,"2,184.833",28.7,64.96,-0.268,0.129
"39",2018,"Andrew Putnam","114",3,0,71.061,61,18.31,60.56,284.8,4.66,66.21,"2,184.833",28.7,64.96,-0.268,0.129
"40",2019,"Andrew Putnam","114",3,0,71.061,61,18.31,60.56,284.8,4.66,66.21,"2,184.833",28.7,64.96,-0.268,0.129
"41",2016,"Anirban Lahiri","64",2,0,70.959,40,25.24,50,296.4,4.55,63.33,"1,092.833",27.9,62.5,-0.06,0.099
"42",2017,"Anirban Lahiri","64",2,0,70.959,40,25.24,50,296.4,4.55,63.33,"1,092.833",27.9,62.5,-0.06,0.099
"43",2018,"Anirban Lahiri","64",2,0,70.959,40,25.24,50,296.4,4.55,63.33,"1,092.833",27.9,62.5,-0.06,0.099
"44",2019,"Anirban Lahiri","64",2,0,70.959,40,25.24,50,296.4,4.55,63.33,"1,092.833",27.9,62.5,-0.06,0.099
"45",2016,"Austin Cook","110",1,0,71.161,46,23.48,65.63,291.2,4.73,65.34,"1,795.250",28.37,62.02,-0.075,0.199
"46",2017,"Austin Cook","110",1,0,71.161,46,23.48,65.63,291.2,4.73,65.34,"1,795.250",28.37,62.02,-0.075,0.199
"47",2018,"Austin Cook","110",1,0,71.161,46,23.48,65.63,291.2,4.73,65.34,"1,795.250",28.37,62.02,-0.075,0.199
"48",2019,"Austin Cook","110",1,0,71.161,46,23.48,65.63,291.2,4.73,65.34,"1,795.250",28.37,62.02,-0.075,0.199
"49",2016,"Beau Hossler","170",0,0,72.163,54,18.24,53.98,303.1,4.63,62.35,"2,069.750",28.37,59.02,-0.845,-0.744
"50",2017,"Beau Hossler","170",0,0,72.163,54,18.24,53.98,303.1,4.63,62.35,"2,069.750",28.37,59.02,-0.845,-0.744
"51",2018,"Beau Hossler","170",0,0,72.163,54,18.24,53.98,303.1,4.63,62.35,"2,069.750",28.37,59.02,-0.845,-0.744
"52",2019,"Beau Hossler","170",0,0,72.163,54,18.24,53.98,303.1,4.63,62.35,"2,069.750",28.37,59.02,-0.845,-0.744
"53",2016,"Ben Martin","164",1,0,71.945,28,20.29,65.31,292,4.56,62.7,"499.250",28.14,62.77,-0.43,-0.347
"54",2017,"Ben Martin","164",1,0,71.945,28,20.29,65.31,292,4.56,62.7,"499.250",28.14,62.77,-0.43,-0.347
"55",2018,"Ben Martin","164",1,0,71.945,28,20.29,65.31,292,4.56,62.7,"499.250",28.14,62.77,-0.43,-0.347
"56",2019,"Ben Martin","164",1,0,71.945,28,20.29,65.31,292,4.56,62.7,"499.250",28.14,62.77,-0.43,-0.347
"57",2016,"Ben Taylor","T185",0,0,72.138,32,20.69,50.22,289.4,4.55,63.37,"417.833",28.38,62.56,-0.78,-0.416
"58",2017,"Ben Taylor","T185",0,0,72.138,32,20.69,50.22,289.4,4.55,63.37,"417.833",28.38,62.56,-0.78,-0.416
"59",2018,"Ben Taylor","T185",0,0,72.138,32,20.69,50.22,289.4,4.55,63.37,"417.833",28.38,62.56,-0.78,-0.416
"60",2019,"Ben Taylor","T185",0,0,72.138,32,20.69,50.22,289.4,4.55,63.37,"417.833",28.38,62.56,-0.78,-0.416
"61",2016,"Bernd Wiesberger","213",1,0,NA,NA,10.42,60.2,291.6,4.78,62.9,"982.750",29.57,52.41,0.321,0.223
"62",2017,"Bernd Wiesberger","213",1,0,NA,NA,10.42,60.2,291.6,4.78,62.9,"982.750",29.57,52.41,0.321,0.223
"63",2018,"Bernd Wiesberger","213",1,0,NA,NA,10.42,60.2,291.6,4.78,62.9,"982.750",29.57,52.41,0.321,0.223
"64",2019,"Bernd Wiesberger","213",1,0,NA,NA,10.42,60.2,291.6,4.78,62.9,"982.750",29.57,52.41,0.321,0.223
"65",2016,"Bill Haas","196",0,0,72.095,30,20,55.95,292.1,4.65,63.7,"913.833",28.4,62.76,-0.576,-0.521
"66",2017,"Bill Haas","196",0,0,72.095,30,20,55.95,292.1,4.65,63.7,"913.833",28.4,62.76,-0.576,-0.521
"67",2018,"Bill Haas","196",0,0,72.095,30,20,55.95,292.1,4.65,63.7,"913.833",28.4,62.76,-0.576,-0.521
"68",2019,"Bill Haas","196",0,0,72.095,30,20,55.95,292.1,4.65,63.7,"913.833",28.4,62.76,-0.576,-0.521
"69",2016,"Billy Horschel","62",5,1,70.974,63,23.31,66.2,294.5,4.55,67.56,"2,329.667",28.55,63,0.1,0.572
"70",2017,"Billy Horschel","62",5,1,70.974,63,23.31,66.2,294.5,4.55,67.56,"2,329.667",28.55,63,0.1,0.572
"71",2018,"Billy Horschel","62",5,1,70.974,63,23.31,66.2,294.5,4.55,67.56,"2,329.667",28.55,63,0.1,0.572
"72",2019,"Billy Horschel","62",5,1,70.974,63,23.31,66.2,294.5,4.55,67.56,"2,329.667",28.55,63,0.1,0.572
"73",2016,"Bo Hoag","109",0,0,71.192,56,19.57,61.51,292.8,4.55,66.87,"1,852.583",29.02,63.77,0.128,0.109
"74",2017,"Bo Hoag","109",0,0,71.192,56,19.57,61.51,292.8,4.55,66.87,"1,852.583",29.02,63.77,0.128,0.109
"75",2018,"Bo Hoag","109",0,0,71.192,56,19.57,61.51,292.8,4.55,66.87,"1,852.583",29.02,63.77,0.128,0.109
"76",2019,"Bo Hoag","109",0,0,71.192,56,19.57,61.51,292.8,4.55,66.87,"1,852.583",29.02,63.77,0.128,0.109
"77",2016,"Bo Van Pelt","T201",0,0,72.602,42,18.49,62.46,292.8,4.58,61.38,"1,526.000",28.74,53.77,-1.278,-1.56
"78",2017,"Bo Van Pelt","T201",0,0,72.602,42,18.49,62.46,292.8,4.58,61.38,"1,526.000",28.74,53.77,-1.278,-1.56
"79",2018,"Bo Van Pelt","T201",0,0,72.602,42,18.49,62.46,292.8,4.58,61.38,"1,526.000",28.74,53.77,-1.278,-1.56
"80",2019,"Bo Van Pelt","T201",0,0,72.602,42,18.49,62.46,292.8,4.58,61.38,"1,526.000",28.74,53.77,-1.278,-1.56
"81",2016,"Branden Grace","115",1,1,70.994,54,21.38,55.7,293.4,4.62,64.71,"1,742.750",28.63,60.06,0.026,-0.032
"82",2017,"Branden Grace","115",1,1,70.994,54,21.38,55.7,293.4,4.62,64.71,"1,742.750",28.63,60.06,0.026,-0.032
"83",2018,"Branden Grace","115",1,1,70.994,54,21.38,55.7,293.4,4.62,64.71,"1,742.750",28.63,60.06,0.026,-0.032
"84",2019,"Branden Grace","115",1,1,70.994,54,21.38,55.7,293.4,4.62,64.71,"1,742.750",28.63,60.06,0.026,-0.032
"85",2016,"Brandon Hagy","T123",1,0,71.804,46,21.01,51.4,309.9,4.61,63.77,"1,448.917",28.96,57.67,0.227,-0.182
"86",2017,"Brandon Hagy","T123",1,0,71.804,46,21.01,51.4,309.9,4.61,63.77,"1,448.917",28.96,57.67,0.227,-0.182
"87",2018,"Brandon Hagy","T123",1,0,71.804,46,21.01,51.4,309.9,4.61,63.77,"1,448.917",28.96,57.67,0.227,-0.182
"88",2019,"Brandon Hagy","T123",1,0,71.804,46,21.01,51.4,309.9,4.61,63.77,"1,448.917",28.96,57.67,0.227,-0.182
"89",2016,"Brandt Snedeker","126",2,0,71.516,52,20.36,63.4,287.9,4.45,61.86,"2,165.667",28.15,57.14,-0.141,0.265
"90",2017,"Brandt Snedeker","126",2,0,71.516,52,20.36,63.4,287.9,4.45,61.86,"2,165.667",28.15,57.14,-0.141,0.265
"91",2018,"Brandt Snedeker","126",2,0,71.516,52,20.36,63.4,287.9,4.45,61.86,"2,165.667",28.15,57.14,-0.141,0.265
"92",2019,"Brandt Snedeker","126",2,0,71.516,52,20.36,63.4,287.9,4.45,61.86,"2,165.667",28.15,57.14,-0.141,0.265
"93",2016,"Brendan Steele","48",3,0,71.229,58,23.19,63.12,299.9,4.61,66.67,"2,249.417",28.76,61.21,0.695,0.459
"94",2017,"Brendan Steele","48",3,0,71.229,58,23.19,63.12,299.9,4.61,66.67,"2,249.417",28.76,61.21,0.695,0.459
"95",2018,"Brendan Steele","48",3,0,71.229,58,23.19,63.12,299.9,4.61,66.67,"2,249.417",28.76,61.21,0.695,0.459
"96",2019,"Brendan Steele","48",3,0,71.229,58,23.19,63.12,299.9,4.61,66.67,"2,249.417",28.76,61.21,0.695,0.459
"97",2016,"Brendon Todd","41",1,0,71.023,65,25.9,73.62,275.6,4.45,63.62,"2,413.083",27.92,61.58,-0.422,0.464
"98",2017,"Brendon Todd","41",1,0,71.023,65,25.9,73.62,275.6,4.45,63.62,"2,413.083",27.92,61.58,-0.422,0.464
"99",2018,"Brendon Todd","41",1,0,71.023,65,25.9,73.62,275.6,4.45,63.62,"2,413.083",27.92,61.58,-0.422,0.464
"100",2019,"Brendon Todd","41",1,0,71.023,65,25.9,73.62,275.6,4.45,63.62,"2,413.083",27.92,61.58,-0.422,0.464
"101",2016,"Brian Gay","T191",1,1,72.211,42,16.15,56.59,287.3,4.6,60.98,"1,726.500",28.36,58.98,-1.373,-1.261
"102",2017,"Brian Gay","T191",1,1,72.211,42,16.15,56.59,287.3,4.6,60.98,"1,726.500",28.36,58.98,-1.373,-1.261
"103",2018,"Brian Gay","T191",1,1,72.211,42,16.15,56.59,287.3,4.6,60.98,"1,726.500",28.36,58.98,-1.373,-1.261
"104",2019,"Brian Gay","T191",1,1,72.211,42,16.15,56.59,287.3,4.6,60.98,"1,726.500",28.36,58.98,-1.373,-1.261
"105",2016,"Brian Harman","34",3,0,70.197,67,25.17,66.16,292.6,4.49,65.23,"2,581.083",28.18,63.92,0.461,1.034
"106",2017,"Brian Harman","34",3,0,70.197,67,25.17,66.16,292.6,4.49,65.23,"2,581.083",28.18,63.92,0.461,1.034
"107",2018,"Brian Harman","34",3,0,70.197,67,25.17,66.16,292.6,4.49,65.23,"2,581.083",28.18,63.92,0.461,1.034
"108",2019,"Brian Harman","34",3,0,70.197,67,25.17,66.16,292.6,4.49,65.23,"2,581.083",28.18,63.92,0.461,1.034
"109",2016,"Brian Stuard","141",1,0,71.453,64,20.45,71.64,280.1,4.63,65.63,"1,941.667",28.69,58.84,-0.172,-0.109
"110",2017,"Brian Stuard","141",1,0,71.453,64,20.45,71.64,280.1,4.63,65.63,"1,941.667",28.69,58.84,-0.172,-0.109
"111",2018,"Brian Stuard","141",1,0,71.453,64,20.45,71.64,280.1,4.63,65.63,"1,941.667",28.69,58.84,-0.172,-0.109
"112",2019,"Brian Stuard","141",1,0,71.453,64,20.45,71.64,280.1,4.63,65.63,"1,941.667",28.69,58.84,-0.172,-0.109
"113",2016,"Brice Garnett","T53",2,0,70.84,62,17.69,70.6,288.6,4.51,67.47,"2,022.667",28.69,65.56,-0.378,0.117
"114",2017,"Brice Garnett","T53",2,0,70.84,62,17.69,70.6,288.6,4.51,67.47,"2,022.667",28.69,65.56,-0.378,0.117
"115",2018,"Brice Garnett","T53",2,0,70.84,62,17.69,70.6,288.6,4.51,67.47,"2,022.667",28.69,65.56,-0.378,0.117
"116",2019,"Brice Garnett","T53",2,0,70.84,62,17.69,70.6,288.6,4.51,67.47,"2,022.667",28.69,65.56,-0.378,0.117
"117",2016,"Bronson Burgoon","148",0,0,71.416,46,18.18,58.26,297.1,4.76,67.51,"1,660.583",29.37,55.76,-0.214,-0.479
"118",2017,"Bronson Burgoon","148",0,0,71.416,46,18.18,58.26,297.1,4.76,67.51,"1,660.583",29.37,55.76,-0.214,-0.479
"119",2018,"Bronson Burgoon","148",0,0,71.416,46,18.18,58.26,297.1,4.76,67.51,"1,660.583",29.37,55.76,-0.214,-0.479
"120",2019,"Bronson Burgoon","148",0,0,71.416,46,18.18,58.26,297.1,4.76,67.51,"1,660.583",29.37,55.76,-0.214,-0.479
"121",2016,"Brooks Koepka","9",4,1,70.159,32,28.09,54.73,307.7,4.54,67.53,"1,131.333",28.5,57.75,1.096,1.874
"122",2017,"Brooks Koepka","9",4,1,70.159,32,28.09,54.73,307.7,4.54,67.53,"1,131.333",28.5,57.75,1.096,1.874
"123",2018,"Brooks Koepka","9",4,1,70.159,32,28.09,54.73,307.7,4.54,67.53,"1,131.333",28.5,57.75,1.096,1.874
"124",2019,"Brooks Koepka","9",4,1,70.159,32,28.09,54.73,307.7,4.54,67.53,"1,131.333",28.5,57.75,1.096,1.874
"125",2016,"Bryson DeChambeau","19",5,2,69.769,37,34.12,57.71,321.1,4.43,66.67,"1,323.083",28.74,61.27,2.099,2.533
"126",2017,"Bryson DeChambeau","19",5,2,69.769,37,34.12,57.71,321.1,4.43,66.67,"1,323.083",28.74,61.27,2.099,2.533
"127",2018,"Bryson DeChambeau","19",5,2,69.769,37,34.12,57.71,321.1,4.43,66.67,"1,323.083",28.74,61.27,2.099,2.533
"128",2019,"Bryson DeChambeau","19",5,2,69.769,37,34.12,57.71,321.1,4.43,66.67,"1,323.083",28.74,61.27,2.099,2.533
"129",2016,"Bubba Watson","T85",4,0,71.187,42,24.27,59.85,304.5,4.51,67.11,"1,484.500",29.66,60,1.132,0.671
"130",2017,"Bubba Watson","T85",4,0,71.187,42,24.27,59.85,304.5,4.51,67.11,"1,484.500",29.66,60,1.132,0.671
"131",2018,"Bubba Watson","T85",4,0,71.187,42,24.27,59.85,304.5,4.51,67.11,"1,484.500",29.66,60,1.132,0.671
"132",2019,"Bubba Watson","T85",4,0,71.187,42,24.27,59.85,304.5,4.51,67.11,"1,484.500",29.66,60,1.132,0.671
"133",2016,"Byeong Hun An","T165",1,0,72.154,48,19.57,51.35,298.2,4.59,63.77,"1,677.417",28.63,60.38,0.327,-0.806
"134",2017,"Byeong Hun An","T165",1,0,72.154,48,19.57,51.35,298.2,4.59,63.77,"1,677.417",28.63,60.38,0.327,-0.806
"135",2018,"Byeong Hun An","T165",1,0,72.154,48,19.57,51.35,298.2,4.59,63.77,"1,677.417",28.63,60.38,0.327,-0.806
"136",2019,"Byeong Hun An","T165",1,0,72.154,48,19.57,51.35,298.2,4.59,63.77,"1,677.417",28.63,60.38,0.327,-0.806
"137",2016,"C.T. Pan","155",2,0,71.235,54,22.86,59.57,293.8,4.68,63.99,"1,901.417",28.81,63.43,0.221,0.078
"138",2017,"C.T. Pan","155",2,0,71.235,54,22.86,59.57,293.8,4.68,63.99,"1,901.417",28.81,63.43,0.221,0.078
"139",2018,"C.T. Pan","155",2,0,71.235,54,22.86,59.57,293.8,4.68,63.99,"1,901.417",28.81,63.43,0.221,0.078
"140",2019,"C.T. Pan","155",2,0,71.235,54,22.86,59.57,293.8,4.68,63.99,"1,901.417",28.81,63.43,0.221,0.078
"141",2016,"Cameron Champ","108",1,0,72.244,46,20.69,57.45,318.4,4.53,66.43,"2,388.500",29.65,55.4,0.4,-0.501
"142",2017,"Cameron Champ","108",1,0,72.244,46,20.69,57.45,318.4,4.53,66.43,"2,388.500",29.65,55.4,0.4,-0.501
"143",2018,"Cameron Champ","108",1,0,72.244,46,20.69,57.45,318.4,4.53,66.43,"2,388.500",29.65,55.4,0.4,-0.501
"144",2019,"Cameron Champ","108",1,0,72.244,46,20.69,57.45,318.4,4.53,66.43,"2,388.500",29.65,55.4,0.4,-0.501
"145",2016,"Cameron Davis","56",2,0,70.642,54,28.76,53.72,311.3,4.59,65.95,"2,347.333",28.7,59.52,0.613,0.7
"146",2017,"Cameron Davis","56",2,0,70.642,54,28.76,53.72,311.3,4.59,65.95,"2,347.333",28.7,59.52,0.613,0.7
"147",2018,"Cameron Davis","56",2,0,70.642,54,28.76,53.72,311.3,4.59,65.95,"2,347.333",28.7,59.52,0.613,0.7
"148",2019,"Cameron Davis","56",2,0,70.642,54,28.76,53.72,311.3,4.59,65.95,"2,347.333",28.7,59.52,0.613,0.7
"149",2016,"Cameron Percy","T82",2,0,71.235,46,19.33,62.89,284.1,4.51,70.89,"1,264.333",29.13,59.34,-0.094,0.019
"150",2017,"Cameron Percy","T82",2,0,71.235,46,19.33,62.89,284.1,4.51,70.89,"1,264.333",29.13,59.34,-0.094,0.019
"151",2018,"Cameron Percy","T82",2,0,71.235,46,19.33,62.89,284.1,4.51,70.89,"1,264.333",29.13,59.34,-0.094,0.019
"152",2019,"Cameron Percy","T82",2,0,71.235,46,19.33,62.89,284.1,4.51,70.89,"1,264.333",29.13,59.34,-0.094,0.019
"153",2016,"Cameron Smith","12",6,1,69.983,57,24.8,58.2,297.6,4.3,65.53,"2,174.167",27.5,65.07,0.739,1.344
"154",2017,"Cameron Smith","12",6,1,69.983,57,24.8,58.2,297.6,4.3,65.53,"2,174.167",27.5,65.07,0.739,1.344
"155",2018,"Cameron Smith","12",6,1,69.983,57,24.8,58.2,297.6,4.3,65.53,"2,174.167",27.5,65.07,0.739,1.344
"156",2019,"Cameron Smith","12",6,1,69.983,57,24.8,58.2,297.6,4.3,65.53,"2,174.167",27.5,65.07,0.739,1.344
"157",2016,"Cameron Tringale","26",3,0,70.119,56,23.19,61.41,300.3,4.51,68.75,"2,310.167",28.66,61.59,0.788,1.175
"158",2017,"Cameron Tringale","26",3,0,70.119,56,23.19,61.41,300.3,4.51,68.75,"2,310.167",28.66,61.59,0.788,1.175
"159",2018,"Cameron Tringale","26",3,0,70.119,56,23.19,61.41,300.3,4.51,68.75,"2,310.167",28.66,61.59,0.788,1.175
"160",2019,"Cameron Tringale","26",3,0,70.119,56,23.19,61.41,300.3,4.51,68.75,"2,310.167",28.66,61.59,0.788,1.175
"161",2016,"Camilo Villegas","T130",2,0,71.231,45,20,53.5,293.2,4.71,64.32,"1,549.500",28.87,59.17,0.28,0.122
"162",2017,"Camilo Villegas","T130",2,0,71.231,45,20,53.5,293.2,4.71,64.32,"1,549.500",28.87,59.17,0.28,0.122
"163",2018,"Camilo Villegas","T130",2,0,71.231,45,20,53.5,293.2,4.71,64.32,"1,549.500",28.87,59.17,0.28,0.122
"164",2019,"Camilo Villegas","T130",2,0,71.231,45,20,53.5,293.2,4.71,64.32,"1,549.500",28.87,59.17,0.28,0.122
"165",2016,"Carlos Ortiz","32",3,1,70.838,55,25.21,60.64,303.8,4.53,68.38,"2,077.750",28.4,61.15,0.344,0.616
"166",2017,"Carlos Ortiz","32",3,1,70.838,55,25.21,60.64,303.8,4.53,68.38,"2,077.750",28.4,61.15,0.344,0.616
"167",2018,"Carlos Ortiz","32",3,1,70.838,55,25.21,60.64,303.8,4.53,68.38,"2,077.750",28.4,61.15,0.344,0.616
"168",2019,"Carlos Ortiz","32",3,1,70.838,55,25.21,60.64,303.8,4.53,68.38,"2,077.750",28.4,61.15,0.344,0.616
"169",2016,"Charl Schwartzel","T93",1,0,71.32,52,20.69,57.58,302.5,4.54,65.92,"2,148.750",28.79,61.76,0.267,0.193
"170",2017,"Charl Schwartzel","T93",1,0,71.32,52,20.69,57.58,302.5,4.54,65.92,"2,148.750",28.79,61.76,0.267,0.193
"171",2018,"Charl Schwartzel","T93",1,0,71.32,52,20.69,57.58,302.5,4.54,65.92,"2,148.750",28.79,61.76,0.267,0.193
"172",2019,"Charl Schwartzel","T93",1,0,71.32,52,20.69,57.58,302.5,4.54,65.92,"2,148.750",28.79,61.76,0.267,0.193
"173",2016,"Charles Howell III","150",1,0,70.711,50,17.65,60.29,297.8,4.57,66.56,"1,933.667",29.36,65.12,0.252,0.441
"174",2017,"Charles Howell III","150",1,0,70.711,50,17.65,60.29,297.8,4.57,66.56,"1,933.667",29.36,65.12,0.252,0.441
"175",2018,"Charles Howell III","150",1,0,70.711,50,17.65,60.29,297.8,4.57,66.56,"1,933.667",29.36,65.12,0.252,0.441
"176",2019,"Charles Howell III","150",1,0,70.711,50,17.65,60.29,297.8,4.57,66.56,"1,933.667",29.36,65.12,0.252,0.441
"177",2016,"Charley Hoffman","33",4,0,70.371,69,26.75,55.3,306.5,4.53,68.44,"2,326.917",28.55,64.29,1.122,1.398
"178",2017,"Charley Hoffman","33",4,0,70.371,69,26.75,55.3,306.5,4.53,68.44,"2,326.917",28.55,64.29,1.122,1.398
"179",2018,"Charley Hoffman","33",4,0,70.371,69,26.75,55.3,306.5,4.53,68.44,"2,326.917",28.55,64.29,1.122,1.398
"180",2019,"Charley Hoffman","33",4,0,70.371,69,26.75,55.3,306.5,4.53,68.44,"2,326.917",28.55,64.29,1.122,1.398
"181",2016,"Chase Seiffert","T127",1,0,71.044,54,20.77,62.17,291.9,4.65,67.28,"1,540.000",28.76,63.21,0.312,0.294
"182",2017,"Chase Seiffert","T127",1,0,71.044,54,20.77,62.17,291.9,4.65,67.28,"1,540.000",28.76,63.21,0.312,0.294
"183",2018,"Chase Seiffert","T127",1,0,71.044,54,20.77,62.17,291.9,4.65,67.28,"1,540.000",28.76,63.21,0.312,0.294
"184",2019,"Chase Seiffert","T127",1,0,71.044,54,20.77,62.17,291.9,4.65,67.28,"1,540.000",28.76,63.21,0.312,0.294
"185",2016,"Chesson Hadley","122",0,0,71.382,42,22.66,52.38,297.4,4.73,63.62,"1,333.000",28.43,56.73,-1.27,-0.239
"186",2017,"Chesson Hadley","122",0,0,71.382,42,22.66,52.38,297.4,4.73,63.62,"1,333.000",28.43,56.73,-1.27,-0.239
"187",2018,"Chesson Hadley","122",0,0,71.382,42,22.66,52.38,297.4,4.73,63.62,"1,333.000",28.43,56.73,-1.27,-0.239
"188",2019,"Chesson Hadley","122",0,0,71.382,42,22.66,52.38,297.4,4.73,63.62,"1,333.000",28.43,56.73,-1.27,-0.239
"189",2016,"Chez Reavie","T173",1,0,71.73,48,14.06,69.49,280.8,4.68,67.36,"1,708.000",29.46,57.8,0.553,-0.198
"190",2017,"Chez Reavie","T173",1,0,71.73,48,14.06,69.49,280.8,4.68,67.36,"1,708.000",29.46,57.8,0.553,-0.198
"191",2018,"Chez Reavie","T173",1,0,71.73,48,14.06,69.49,280.8,4.68,67.36,"1,708.000",29.46,57.8,0.553,-0.198
"192",2019,"Chez Reavie","T173",1,0,71.73,48,14.06,69.49,280.8,4.68,67.36,"1,708.000",29.46,57.8,0.553,-0.198
"193",2016,"Chris Baker","T185",0,0,72.408,32,18.82,66.07,285.9,4.61,64.76,"771.250",29.06,62.56,-0.268,-0.42
"194",2017,"Chris Baker","T185",0,0,72.408,32,18.82,66.07,285.9,4.61,64.76,"771.250",29.06,62.56,-0.268,-0.42
"195",2018,"Chris Baker","T185",0,0,72.408,32,18.82,66.07,285.9,4.61,64.76,"771.250",29.06,62.56,-0.268,-0.42
"196",2019,"Chris Baker","T185",0,0,72.408,32,18.82,66.07,285.9,4.61,64.76,"771.250",29.06,62.56,-0.268,-0.42
"197",2016,"Chris Kirk","31",4,0,70.177,56,21.67,64.23,291.1,4.55,67.56,"2,189.167",28.14,63.91,0.87,1.186
"198",2017,"Chris Kirk","31",4,0,70.177,56,21.67,64.23,291.1,4.55,67.56,"2,189.167",28.14,63.91,0.87,1.186
"199",2018,"Chris Kirk","31",4,0,70.177,56,21.67,64.23,291.1,4.55,67.56,"2,189.167",28.14,63.91,0.87,1.186
"200",2019,"Chris Kirk","31",4,0,70.177,56,21.67,64.23,291.1,4.55,67.56,"2,189.167",28.14,63.91,0.87,1.186
"201",2016,"Christiaan Bezuidenhout","197",1,0,NA,NA,17.28,63.52,286,4.71,58.93,"844.917",28.18,62.32,0.051,0.73
"202",2017,"Christiaan Bezuidenhout","197",1,0,NA,NA,17.28,63.52,286,4.71,58.93,"844.917",28.18,62.32,0.051,0.73
"203",2018,"Christiaan Bezuidenhout","197",1,0,NA,NA,17.28,63.52,286,4.71,58.93,"844.917",28.18,62.32,0.051,0.73
"204",2019,"Christiaan Bezuidenhout","197",1,0,NA,NA,17.28,63.52,286,4.71,58.93,"844.917",28.18,62.32,0.051,0.73
"205",2016,"Collin Morikawa","10",4,1,70.653,49,24.14,70.03,293.9,4.55,71.98,"1,564.500",28.91,56.47,1.556,1.052
"206",2017,"Collin Morikawa","10",4,1,70.653,49,24.14,70.03,293.9,4.55,71.98,"1,564.500",28.91,56.47,1.556,1.052
"207",2018,"Collin Morikawa","10",4,1,70.653,49,24.14,70.03,293.9,4.55,71.98,"1,564.500",28.91,56.47,1.556,1.052
"208",2019,"Collin Morikawa","10",4,1,70.653,49,24.14,70.03,293.9,4.55,71.98,"1,564.500",28.91,56.47,1.556,1.052
"209",2016,"Corey Conners","T14",7,0,69.998,65,25.69,70,295.4,4.57,71.77,"2,109.083",29.29,58.1,1.298,1.563
"210",2017,"Corey Conners","T14",7,0,69.998,65,25.69,70,295.4,4.57,71.77,"2,109.083",29.29,58.1,1.298,1.563
"211",2018,"Corey Conners","T14",7,0,69.998,65,25.69,70,295.4,4.57,71.77,"2,109.083",29.29,58.1,1.298,1.563
"212",2019,"Corey Conners","T14",7,0,69.998,65,25.69,70,295.4,4.57,71.77,"2,109.083",29.29,58.1,1.298,1.563
"213",2016,"D.J. Trahan","157",0,0,71.524,42,21.31,56.46,292.4,4.52,64.55,"1,141.917",28.88,58.58,0.04,-0.256
"214",2017,"D.J. Trahan","157",0,0,71.524,42,21.31,56.46,292.4,4.52,64.55,"1,141.917",28.88,58.58,0.04,-0.256
"215",2018,"D.J. Trahan","157",0,0,71.524,42,21.31,56.46,292.4,4.52,64.55,"1,141.917",28.88,58.58,0.04,-0.256
"216",2019,"D.J. Trahan","157",0,0,71.524,42,21.31,56.46,292.4,4.52,64.55,"1,141.917",28.88,58.58,0.04,-0.256
"217",2016,"Daniel Berger","3",4,1,70.108,47,20,64.29,297.6,4.55,69.95,"1,680.583",28.64,60.92,0.808,1.379
"218",2017,"Daniel Berger","3",4,1,70.108,47,20,64.29,297.6,4.55,69.95,"1,680.583",28.64,60.92,0.808,1.379
"219",2018,"Daniel Berger","3",4,1,70.108,47,20,64.29,297.6,4.55,69.95,"1,680.583",28.64,60.92,0.808,1.379
"220",2019,"Daniel Berger","3",4,1,70.108,47,20,64.29,297.6,4.55,69.95,"1,680.583",28.64,60.92,0.808,1.379
"221",2016,"Danny Lee","178",0,0,72.209,40,18.06,55.78,300.9,4.7,62.22,"2,097.417",29.45,53.68,-0.059,-0.94
"222",2017,"Danny Lee","178",0,0,72.209,40,18.06,55.78,300.9,4.7,62.22,"2,097.417",29.45,53.68,-0.059,-0.94
"223",2018,"Danny Lee","178",0,0,72.209,40,18.06,55.78,300.9,4.7,62.22,"2,097.417",29.45,53.68,-0.059,-0.94
"224",2019,"Danny Lee","178",0,0,72.209,40,18.06,55.78,300.9,4.7,62.22,"2,097.417",29.45,53.68,-0.059,-0.94
"225",2016,"Danny Willett","60",2,0,71.087,33,22.64,58.35,295.2,4.41,59.76,"885.250",27.61,59.41,0.056,0.507
"226",2017,"Danny Willett","60",2,0,71.087,33,22.64,58.35,295.2,4.41,59.76,"885.250",27.61,59.41,0.056,0.507
"227",2018,"Danny Willett","60",2,0,71.087,33,22.64,58.35,295.2,4.41,59.76,"885.250",27.61,59.41,0.056,0.507
"228",2019,"Danny Willett","60",2,0,71.087,33,22.64,58.35,295.2,4.41,59.76,"885.250",27.61,59.41,0.056,0.507
"229",2016,"David Hearn","T165",1,0,71.637,42,21.85,68.6,275.4,4.76,62.7,"1,062.083",28.05,59.93,-1.276,-0.688
"230",2017,"David Hearn","T165",1,0,71.637,42,21.85,68.6,275.4,4.76,62.7,"1,062.083",28.05,59.93,-1.276,-0.688
"231",2018,"David Hearn","T165",1,0,71.637,42,21.85,68.6,275.4,4.76,62.7,"1,062.083",28.05,59.93,-1.276,-0.688
"232",2019,"David Hearn","T165",1,0,71.637,42,21.85,68.6,275.4,4.76,62.7,"1,062.083",28.05,59.93,-1.276,-0.688
"233",2016,"Denny McCarthy","67",3,0,70.744,58,22.92,64.6,295.8,4.64,65.42,"2,357.750",28.81,63.43,0.051,0.547
"234",2017,"Denny McCarthy","67",3,0,70.744,58,22.92,64.6,295.8,4.64,65.42,"2,357.750",28.81,63.43,0.051,0.547
"235",2018,"Denny McCarthy","67",3,0,70.744,58,22.92,64.6,295.8,4.64,65.42,"2,357.750",28.81,63.43,0.051,0.547
"236",2019,"Denny McCarthy","67",3,0,70.744,58,22.92,64.6,295.8,4.64,65.42,"2,357.750",28.81,63.43,0.051,0.547
"237",2016,"Doc Redman","145",2,0,71.457,46,16.95,60.63,294.9,4.59,66.06,"2,088.417",28.89,60.5,-0.224,-0.239
"238",2017,"Doc Redman","145",2,0,71.457,46,16.95,60.63,294.9,4.59,66.06,"2,088.417",28.89,60.5,-0.224,-0.239
"239",2018,"Doc Redman","145",2,0,71.457,46,16.95,60.63,294.9,4.59,66.06,"2,088.417",28.89,60.5,-0.224,-0.239
"240",2019,"Doc Redman","145",2,0,71.457,46,16.95,60.63,294.9,4.59,66.06,"2,088.417",28.89,60.5,-0.224,-0.239
"241",2016,"Doug Ghim","55",1,0,70.579,60,26.85,65.6,295.1,4.58,68.15,"2,055.083",28.65,63.66,1.078,0.876
"242",2017,"Doug Ghim","55",1,0,70.579,60,26.85,65.6,295.1,4.58,68.15,"2,055.083",28.65,63.66,1.078,0.876
"243",2018,"Doug Ghim","55",1,0,70.579,60,26.85,65.6,295.1,4.58,68.15,"2,055.083",28.65,63.66,1.078,0.876
"244",2019,"Doug Ghim","55",1,0,70.579,60,26.85,65.6,295.1,4.58,68.15,"2,055.083",28.65,63.66,1.078,0.876
"245",2016,"Dustin Johnson","4",4,1,69.805,37,22.58,59.45,312,4.57,68.95,"1,305.917",29.12,57.37,1.319,1.347
"246",2017,"Dustin Johnson","4",4,1,69.805,37,22.58,59.45,312,4.57,68.95,"1,305.917",29.12,57.37,1.319,1.347
"247",2018,"Dustin Johnson","4",4,1,69.805,37,22.58,59.45,312,4.57,68.95,"1,305.917",29.12,57.37,1.319,1.347
"248",2019,"Dustin Johnson","4",4,1,69.805,37,22.58,59.45,312,4.57,68.95,"1,305.917",29.12,57.37,1.319,1.347
"249",2016,"Dylan Frittelli","T132",2,0,71.729,50,22.39,50.63,309.9,4.69,64.37,"1,729.250",29.11,61.02,0.172,-0.33
"250",2017,"Dylan Frittelli","T132",2,0,71.729,50,22.39,50.63,309.9,4.69,64.37,"1,729.250",29.11,61.02,0.172,-0.33
"251",2018,"Dylan Frittelli","T132",2,0,71.729,50,22.39,50.63,309.9,4.69,64.37,"1,729.250",29.11,61.02,0.172,-0.33
"252",2019,"Dylan Frittelli","T132",2,0,71.729,50,22.39,50.63,309.9,4.69,64.37,"1,729.250",29.11,61.02,0.172,-0.33
"253",2016,"Emiliano Grillo","38",3,0,70.178,64,20,64.88,299.9,4.59,73.18,"1,714.583",29.3,61.49,0.833,0.82
"254",2017,"Emiliano Grillo","38",3,0,70.178,64,20,64.88,299.9,4.59,73.18,"1,714.583",29.3,61.49,0.833,0.82
"255",2018,"Emiliano Grillo","38",3,0,70.178,64,20,64.88,299.9,4.59,73.18,"1,714.583",29.3,61.49,0.833,0.82
"256",2019,"Emiliano Grillo","38",3,0,70.178,64,20,64.88,299.9,4.59,73.18,"1,714.583",29.3,61.49,0.833,0.82
"257",2016,"Erik van Rooyen","63",1,0,70.901,45,29.84,56.84,302,4.56,63.28,"1,818.500",28.41,57.93,0.278,0.511
"258",2017,"Erik van Rooyen","63",1,0,70.901,45,29.84,56.84,302,4.56,63.28,"1,818.500",28.41,57.93,0.278,0.511
"259",2018,"Erik van Rooyen","63",1,0,70.901,45,29.84,56.84,302,4.56,63.28,"1,818.500",28.41,57.93,0.278,0.511
"260",2019,"Erik van Rooyen","63",1,0,70.901,45,29.84,56.84,302,4.56,63.28,"1,818.500",28.41,57.93,0.278,0.511
"261",2016,"Fabián Gómez","182",0,0,71.97,37,13.98,63.23,282.9,4.73,61.41,"681.500",28.35,66.54,-0.217,-0.599
"262",2017,"Fabián Gómez","182",0,0,71.97,37,13.98,63.23,282.9,4.73,61.41,"681.500",28.35,66.54,-0.217,-0.599
"263",2018,"Fabián Gómez","182",0,0,71.97,37,13.98,63.23,282.9,4.73,61.41,"681.500",28.35,66.54,-0.217,-0.599
"264",2019,"Fabián Gómez","182",0,0,71.97,37,13.98,63.23,282.9,4.73,61.41,"681.500",28.35,66.54,-0.217,-0.599
"265",2016,"Francesco Molinari","T152",3,0,71.216,32,20.45,61.04,292.8,4.64,63.02,"1,023.833",28.63,60.56,0.623,0.621
"266",2017,"Francesco Molinari","T152",3,0,71.216,32,20.45,61.04,292.8,4.64,63.02,"1,023.833",28.63,60.56,0.623,0.621
"267",2018,"Francesco Molinari","T152",3,0,71.216,32,20.45,61.04,292.8,4.64,63.02,"1,023.833",28.63,60.56,0.623,0.621
"268",2019,"Francesco Molinari","T152",3,0,71.216,32,20.45,61.04,292.8,4.64,63.02,"1,023.833",28.63,60.56,0.623,0.621
"269",2016,"Gary Woodland","171",1,0,71.927,36,19.51,53.97,308.4,4.69,62.35,"1,514.250",29.08,53.28,-0.074,-0.381
"270",2017,"Gary Woodland","171",1,0,71.927,36,19.51,53.97,308.4,4.69,62.35,"1,514.250",29.08,53.28,-0.074,-0.381
"271",2018,"Gary Woodland","171",1,0,71.927,36,19.51,53.97,308.4,4.69,62.35,"1,514.250",29.08,53.28,-0.074,-0.381
"272",2019,"Gary Woodland","171",1,0,71.927,36,19.51,53.97,308.4,4.69,62.35,"1,514.250",29.08,53.28,-0.074,-0.381
"273",2016,"Graeme McDowell","207",1,0,71.611,36,19.19,59.6,286.9,4.54,60.03,"1,162.250",28.5,62.93,-0.855,-0.889
"274",2017,"Graeme McDowell","207",1,0,71.611,36,19.19,59.6,286.9,4.54,60.03,"1,162.250",28.5,62.93,-0.855,-0.889
"275",2018,"Graeme McDowell","207",1,0,71.611,36,19.19,59.6,286.9,4.54,60.03,"1,162.250",28.5,62.93,-0.855,-0.889
"276",2019,"Graeme McDowell","207",1,0,71.611,36,19.19,59.6,286.9,4.54,60.03,"1,162.250",28.5,62.93,-0.855,-0.889
"277",2016,"Grayson Murray","161",1,0,72.642,38,18.12,53.02,309.4,4.63,63.6,"1,040.250",29.13,49.8,-0.686,-1.386
"278",2017,"Grayson Murray","161",1,0,72.642,38,18.12,53.02,309.4,4.63,63.6,"1,040.250",29.13,49.8,-0.686,-1.386
"279",2018,"Grayson Murray","161",1,0,72.642,38,18.12,53.02,309.4,4.63,63.6,"1,040.250",29.13,49.8,-0.686,-1.386
"280",2019,"Grayson Murray","161",1,0,72.642,38,18.12,53.02,309.4,4.63,63.6,"1,040.250",29.13,49.8,-0.686,-1.386
"281",2016,"Hank Lebioda","162",0,0,71.562,40,19.8,57.32,292.7,4.49,67.08,"827.500",29.33,64.14,-0.269,-0.492
"282",2017,"Hank Lebioda","162",0,0,71.562,40,19.8,57.32,292.7,4.49,67.08,"827.500",29.33,64.14,-0.269,-0.492
"283",2018,"Hank Lebioda","162",0,0,71.562,40,19.8,57.32,292.7,4.49,67.08,"827.500",29.33,64.14,-0.269,-0.492
"284",2019,"Hank Lebioda","162",0,0,71.562,40,19.8,57.32,292.7,4.49,67.08,"827.500",29.33,64.14,-0.269,-0.492
"285",2016,"Harold Varner III","69",1,0,70.811,52,24.09,59.81,302.1,4.63,67.09,"1,949.583",29.17,59.09,0.948,0.989
"286",2017,"Harold Varner III","69",1,0,70.811,52,24.09,59.81,302.1,4.63,67.09,"1,949.583",29.17,59.09,0.948,0.989
"287",2018,"Harold Varner III","69",1,0,70.811,52,24.09,59.81,302.1,4.63,67.09,"1,949.583",29.17,59.09,0.948,0.989
"288",2019,"Harold Varner III","69",1,0,70.811,52,24.09,59.81,302.1,4.63,67.09,"1,949.583",29.17,59.09,0.948,0.989
"289",2016,"Harris English","T49",5,1,70.582,51,28.32,65.92,297.2,4.49,66.44,"1,695.917",28.35,65.52,0.162,0.559
"290",2017,"Harris English","T49",5,1,70.582,51,28.32,65.92,297.2,4.49,66.44,"1,695.917",28.35,65.52,0.162,0.559
"291",2018,"Harris English","T49",5,1,70.582,51,28.32,65.92,297.2,4.49,66.44,"1,695.917",28.35,65.52,0.162,0.559
"292",2019,"Harris English","T49",5,1,70.582,51,28.32,65.92,297.2,4.49,66.44,"1,695.917",28.35,65.52,0.162,0.559
"293",2016,"Harry Higgs","61",1,0,71.186,48,31.65,56.29,298.8,4.54,65.97,"2,050.750",28.35,56.12,0.157,0.342
"294",2017,"Harry Higgs","61",1,0,71.186,48,31.65,56.29,298.8,4.54,65.97,"2,050.750",28.35,56.12,0.157,0.342
"295",2018,"Harry Higgs","61",1,0,71.186,48,31.65,56.29,298.8,4.54,65.97,"2,050.750",28.35,56.12,0.157,0.342
"296",2019,"Harry Higgs","61",1,0,71.186,48,31.65,56.29,298.8,4.54,65.97,"2,050.750",28.35,56.12,0.157,0.342
"297",2016,"Henrik Norlander","120",2,0,71.509,54,23.24,65.38,297.6,4.59,69.44,"2,110.250",29.7,59.26,0.444,-0.053
"298",2017,"Henrik Norlander","120",2,0,71.509,54,23.24,65.38,297.6,4.59,69.44,"2,110.250",29.7,59.26,0.444,-0.053
"299",2018,"Henrik Norlander","120",2,0,71.509,54,23.24,65.38,297.6,4.59,69.44,"2,110.250",29.7,59.26,0.444,-0.053
"300",2019,"Henrik Norlander","120",2,0,71.509,54,23.24,65.38,297.6,4.59,69.44,"2,110.250",29.7,59.26,0.444,-0.053
"301",2016,"Henrik Stenson","177",0,0,72.029,33,13.33,67.61,282.2,4.63,60.94,"1,045.917",28.73,59.48,-0.357,-1.308
"302",2017,"Henrik Stenson","177",0,0,72.029,33,13.33,67.61,282.2,4.63,60.94,"1,045.917",28.73,59.48,-0.357,-1.308
"303",2018,"Henrik Stenson","177",0,0,72.029,33,13.33,67.61,282.2,4.63,60.94,"1,045.917",28.73,59.48,-0.357,-1.308
"304",2019,"Henrik Stenson","177",0,0,72.029,33,13.33,67.61,282.2,4.63,60.94,"1,045.917",28.73,59.48,-0.357,-1.308
"305",2016,"Hideki Matsuyama","T49",2,1,70.488,61,20.98,61.63,296.8,4.51,67.34,"2,564.167",28.81,61,1.028,0.732
"306",2017,"Hideki Matsuyama","T49",2,1,70.488,61,20.98,61.63,296.8,4.51,67.34,"2,564.167",28.81,61,1.028,0.732
"307",2018,"Hideki Matsuyama","T49",2,1,70.488,61,20.98,61.63,296.8,4.51,67.34,"2,564.167",28.81,61,1.028,0.732
"308",2019,"Hideki Matsuyama","T49",2,1,70.488,61,20.98,61.63,296.8,4.51,67.34,"2,564.167",28.81,61,1.028,0.732
"309",2016,"Hudson Swafford","T117",2,1,72.328,46,23.13,62.85,301.2,4.59,66.43,"1,452.167",29.61,51.8,-1.522,-1.658
"310",2017,"Hudson Swafford","T117",2,1,72.328,46,23.13,62.85,301.2,4.59,66.43,"1,452.167",29.61,51.8,-1.522,-1.658
"311",2018,"Hudson Swafford","T117",2,1,72.328,46,23.13,62.85,301.2,4.59,66.43,"1,452.167",29.61,51.8,-1.522,-1.658
"312",2019,"Hudson Swafford","T117",2,1,72.328,46,23.13,62.85,301.2,4.59,66.43,"1,452.167",29.61,51.8,-1.522,-1.658
"313",2016,"Hunter Mahan","181",0,0,73.576,42,12.73,54.95,296.1,4.75,57.28,"1,652.750",28.64,53.87,-2.571,-2.232
"314",2017,"Hunter Mahan","181",0,0,73.576,42,12.73,54.95,296.1,4.75,57.28,"1,652.750",28.64,53.87,-2.571,-2.232
"315",2018,"Hunter Mahan","181",0,0,73.576,42,12.73,54.95,296.1,4.75,57.28,"1,652.750",28.64,53.87,-2.571,-2.232
"316",2019,"Hunter Mahan","181",0,0,73.576,42,12.73,54.95,296.1,4.75,57.28,"1,652.750",28.64,53.87,-2.571,-2.232
"317",2016,"Ian Poulter","163",1,0,71.102,38,17.58,66.81,284.1,4.69,61.6,"1,036.167",28.29,66.38,-0.591,0.107
"318",2017,"Ian Poulter","163",1,0,71.102,38,17.58,66.81,284.1,4.69,61.6,"1,036.167",28.29,66.38,-0.591,0.107
"319",2018,"Ian Poulter","163",1,0,71.102,38,17.58,66.81,284.1,4.69,61.6,"1,036.167",28.29,66.38,-0.591,0.107
"320",2019,"Ian Poulter","163",1,0,71.102,38,17.58,66.81,284.1,4.69,61.6,"1,036.167",28.29,66.38,-0.591,0.107
"321",2016,"J.B. Holmes","198",0,0,72.491,30,21.9,42.62,305.9,4.57,60.74,"1,174.083",28.87,53.3,-0.699,-0.931
"322",2017,"J.B. Holmes","198",0,0,72.491,30,21.9,42.62,305.9,4.57,60.74,"1,174.083",28.87,53.3,-0.699,-0.931
"323",2018,"J.B. Holmes","198",0,0,72.491,30,21.9,42.62,305.9,4.57,60.74,"1,174.083",28.87,53.3,-0.699,-0.931
"324",2019,"J.B. Holmes","198",0,0,72.491,30,21.9,42.62,305.9,4.57,60.74,"1,174.083",28.87,53.3,-0.699,-0.931
"325",2016,"J.J. Spaun","193",1,0,72.306,40,20.34,68.21,285.4,4.56,66.25,"819.583",29.43,58.85,-0.464,-0.759
"326",2017,"J.J. Spaun","193",1,0,72.306,40,20.34,68.21,285.4,4.56,66.25,"819.583",29.43,58.85,-0.464,-0.759
"327",2018,"J.J. Spaun","193",1,0,72.306,40,20.34,68.21,285.4,4.56,66.25,"819.583",29.43,58.85,-0.464,-0.759
"328",2019,"J.J. Spaun","193",1,0,72.306,40,20.34,68.21,285.4,4.56,66.25,"819.583",29.43,58.85,-0.464,-0.759
"329",2016,"J.T. Poston","66",1,0,71.04,51,24.16,53.59,301.2,4.58,62.38,"2,487.667",28.56,55.69,-0.595,0.289
"330",2017,"J.T. Poston","66",1,0,71.04,51,24.16,53.59,301.2,4.58,62.38,"2,487.667",28.56,55.69,-0.595,0.289
"331",2018,"J.T. Poston","66",1,0,71.04,51,24.16,53.59,301.2,4.58,62.38,"2,487.667",28.56,55.69,-0.595,0.289
"332",2019,"J.T. Poston","66",1,0,71.04,51,24.16,53.59,301.2,4.58,62.38,"2,487.667",28.56,55.69,-0.595,0.289
"333",2016,"James Hahn","39",4,0,70.676,44,19.42,64.22,299.4,4.59,70.58,"1,699.917",28.89,61.37,-0.084,0.472
"334",2017,"James Hahn","39",4,0,70.676,44,19.42,64.22,299.4,4.59,70.58,"1,699.917",28.89,61.37,-0.084,0.472
"335",2018,"James Hahn","39",4,0,70.676,44,19.42,64.22,299.4,4.59,70.58,"1,699.917",28.89,61.37,-0.084,0.472
"336",2019,"James Hahn","39",4,0,70.676,44,19.42,64.22,299.4,4.59,70.58,"1,699.917",28.89,61.37,-0.084,0.472
"337",2016,"Jamie Lovemark","179",0,0,72.116,34,20.39,48.94,302.4,4.73,62.75,"1,134.833",28.71,60.53,-0.785,-1.451
"338",2017,"Jamie Lovemark","179",0,0,72.116,34,20.39,48.94,302.4,4.73,62.75,"1,134.833",28.71,60.53,-0.785,-1.451
"339",2018,"Jamie Lovemark","179",0,0,72.116,34,20.39,48.94,302.4,4.73,62.75,"1,134.833",28.71,60.53,-0.785,-1.451
"340",2019,"Jamie Lovemark","179",0,0,72.116,34,20.39,48.94,302.4,4.73,62.75,"1,134.833",28.71,60.53,-0.785,-1.451
"341",2016,"Jason Day","142",2,0,70.847,48,17.7,60.61,300.3,4.65,66.3,"1,916.083",29.24,61.17,0.743,0.811
"342",2017,"Jason Day","142",2,0,70.847,48,17.7,60.61,300.3,4.65,66.3,"1,916.083",29.24,61.17,0.743,0.811
"343",2018,"Jason Day","142",2,0,70.847,48,17.7,60.61,300.3,4.65,66.3,"1,916.083",29.24,61.17,0.743,0.811
"344",2019,"Jason Day","142",2,0,70.847,48,17.7,60.61,300.3,4.65,66.3,"1,916.083",29.24,61.17,0.743,0.811
"345",2016,"Jason Dufner","187",0,0,71.828,48,20,61.94,284.3,4.7,64.58,"1,608.500",29.17,62.75,-0.411,-0.493
"346",2017,"Jason Dufner","187",0,0,71.828,48,20,61.94,284.3,4.7,64.58,"1,608.500",29.17,62.75,-0.411,-0.493
"347",2018,"Jason Dufner","187",0,0,71.828,48,20,61.94,284.3,4.7,64.58,"1,608.500",29.17,62.75,-0.411,-0.493
"348",2019,"Jason Dufner","187",0,0,71.828,48,20,61.94,284.3,4.7,64.58,"1,608.500",29.17,62.75,-0.411,-0.493
"349",2016,"Jason Kokrak","23",4,1,70.671,57,23.36,62.17,305.7,4.52,69.24,"2,146.917",28.87,55.52,0.672,1.243
"350",2017,"Jason Kokrak","23",4,1,70.671,57,23.36,62.17,305.7,4.52,69.24,"2,146.917",28.87,55.52,0.672,1.243
"351",2018,"Jason Kokrak","23",4,1,70.671,57,23.36,62.17,305.7,4.52,69.24,"2,146.917",28.87,55.52,0.672,1.243
"352",2019,"Jason Kokrak","23",4,1,70.671,57,23.36,62.17,305.7,4.52,69.24,"2,146.917",28.87,55.52,0.672,1.243
"353",2016,"Jhonattan Vegas","84",1,0,71.003,48,17.93,58.23,304.8,4.61,65.63,"1,398.000",29,54.88,0.102,-0.035
"354",2017,"Jhonattan Vegas","84",1,0,71.003,48,17.93,58.23,304.8,4.61,65.63,"1,398.000",29,54.88,0.102,-0.035
"355",2018,"Jhonattan Vegas","84",1,0,71.003,48,17.93,58.23,304.8,4.61,65.63,"1,398.000",29,54.88,0.102,-0.035
"356",2019,"Jhonattan Vegas","84",1,0,71.003,48,17.93,58.23,304.8,4.61,65.63,"1,398.000",29,54.88,0.102,-0.035
"357",2016,"Jim Herman","184",0,0,72.235,40,20.14,62.77,292.9,4.71,65.69,"1,749.667",30.1,52.23,-0.302,-0.908
"358",2017,"Jim Herman","184",0,0,72.235,40,20.14,62.77,292.9,4.71,65.69,"1,749.667",30.1,52.23,-0.302,-0.908
"359",2018,"Jim Herman","184",0,0,72.235,40,20.14,62.77,292.9,4.71,65.69,"1,749.667",30.1,52.23,-0.302,-0.908
"360",2019,"Jim Herman","184",0,0,72.235,40,20.14,62.77,292.9,4.71,65.69,"1,749.667",30.1,52.23,-0.302,-0.908
"361",2016,"Jimmy Walker","200",0,0,72.816,40,16.23,41.58,298.9,4.81,57.64,"1,788.167",28.75,49.84,-1.902,-1.481
"362",2017,"Jimmy Walker","200",0,0,72.816,40,16.23,41.58,298.9,4.81,57.64,"1,788.167",28.75,49.84,-1.902,-1.481
"363",2018,"Jimmy Walker","200",0,0,72.816,40,16.23,41.58,298.9,4.81,57.64,"1,788.167",28.75,49.84,-1.902,-1.481
"364",2019,"Jimmy Walker","200",0,0,72.816,40,16.23,41.58,298.9,4.81,57.64,"1,788.167",28.75,49.84,-1.902,-1.481
"365",2016,"Joaquin Niemann","6",3,0,69.867,55,29.03,60.71,312.9,4.51,71.15,"2,098.833",28.94,60.37,1.132,1.568
"366",2017,"Joaquin Niemann","6",3,0,69.867,55,29.03,60.71,312.9,4.51,71.15,"2,098.833",28.94,60.37,1.132,1.568
"367",2018,"Joaquin Niemann","6",3,0,69.867,55,29.03,60.71,312.9,4.51,71.15,"2,098.833",28.94,60.37,1.132,1.568
"368",2019,"Joaquin Niemann","6",3,0,69.867,55,29.03,60.71,312.9,4.51,71.15,"2,098.833",28.94,60.37,1.132,1.568
"369",2016,"Joel Dahmen","101",2,1,71.546,52,20.29,66.16,294.5,4.64,64.53,"1,788.083",28.48,61.45,-0.269,-0.428
"370",2017,"Joel Dahmen","101",2,1,71.546,52,20.29,66.16,294.5,4.64,64.53,"1,788.083",28.48,61.45,-0.269,-0.428
"371",2018,"Joel Dahmen","101",2,1,71.546,52,20.29,66.16,294.5,4.64,64.53,"1,788.083",28.48,61.45,-0.269,-0.428
"372",2019,"Joel Dahmen","101",2,1,71.546,52,20.29,66.16,294.5,4.64,64.53,"1,788.083",28.48,61.45,-0.269,-0.428
"373",2016,"John Huh","59",0,0,70.43,38,23.71,64.58,291.6,4.58,67.25,"1,419.917",28.84,62.05,1.024,0.509
"374",2017,"John Huh","59",0,0,70.43,38,23.71,64.58,291.6,4.58,67.25,"1,419.917",28.84,62.05,1.024,0.509
"375",2018,"John Huh","59",0,0,70.43,38,23.71,64.58,291.6,4.58,67.25,"1,419.917",28.84,62.05,1.024,0.509
"376",2019,"John Huh","59",0,0,70.43,38,23.71,64.58,291.6,4.58,67.25,"1,419.917",28.84,62.05,1.024,0.509
"377",2016,"Jon Rahm","5",9,0,69.908,53,20,63.39,307.1,4.39,72.11,"1,699.000",29.04,63.07,1.7,1.681
"378",2017,"Jon Rahm","5",9,0,69.908,53,20,63.39,307.1,4.39,72.11,"1,699.000",29.04,63.07,1.7,1.681
"379",2018,"Jon Rahm","5",9,0,69.908,53,20,63.39,307.1,4.39,72.11,"1,699.000",29.04,63.07,1.7,1.681
"380",2019,"Jon Rahm","5",9,0,69.908,53,20,63.39,307.1,4.39,72.11,"1,699.000",29.04,63.07,1.7,1.681
"381",2016,"Jonathan Byrd","204",0,0,72.31,28,23.38,54.08,284.6,4.69,64.68,"415.583",28.86,60.11,-0.979,-1.81
"382",2017,"Jonathan Byrd","204",0,0,72.31,28,23.38,54.08,284.6,4.69,64.68,"415.583",28.86,60.11,-0.979,-1.81
"383",2018,"Jonathan Byrd","204",0,0,72.31,28,23.38,54.08,284.6,4.69,64.68,"415.583",28.86,60.11,-0.979,-1.81
"384",2019,"Jonathan Byrd","204",0,0,72.31,28,23.38,54.08,284.6,4.69,64.68,"415.583",28.86,60.11,-0.979,-1.81
"385",2016,"Jordan Spieth","36",6,1,70.41,52,20.61,52.25,297.2,4.55,64.81,"1,829.750",28.1,59.54,0.758,1.176
"386",2017,"Jordan Spieth","36",6,1,70.41,52,20.61,52.25,297.2,4.55,64.81,"1,829.750",28.1,59.54,0.758,1.176
"387",2018,"Jordan Spieth","36",6,1,70.41,52,20.61,52.25,297.2,4.55,64.81,"1,829.750",28.1,59.54,0.758,1.176
"388",2019,"Jordan Spieth","36",6,1,70.41,52,20.61,52.25,297.2,4.55,64.81,"1,829.750",28.1,59.54,0.758,1.176
"389",2016,"Joseph Bramlett","T138",0,0,71.869,48,24.24,57.29,306.4,4.56,68.17,"1,036.500",29.71,56,0.39,-0.504
"390",2017,"Joseph Bramlett","T138",0,0,71.869,48,24.24,57.29,306.4,4.56,68.17,"1,036.500",29.71,56,0.39,-0.504
"391",2018,"Joseph Bramlett","T138",0,0,71.869,48,24.24,57.29,306.4,4.56,68.17,"1,036.500",29.71,56,0.39,-0.504
"392",2019,"Joseph Bramlett","T138",0,0,71.869,48,24.24,57.29,306.4,4.56,68.17,"1,036.500",29.71,56,0.39,-0.504
"393",2016,"Josh Teater","144",0,0,71.52,30,30,66.67,288.8,4.46,62.78,"630.667",28.07,61.69,-0.039,0.028
"394",2017,"Josh Teater","144",0,0,71.52,30,30,66.67,288.8,4.46,62.78,"630.667",28.07,61.69,-0.039,0.028
"395",2018,"Josh Teater","144",0,0,71.52,30,30,66.67,288.8,4.46,62.78,"630.667",28.07,61.69,-0.039,0.028
"396",2019,"Josh Teater","144",0,0,71.52,30,30,66.67,288.8,4.46,62.78,"630.667",28.07,61.69,-0.039,0.028
"397",2016,"Justin Rose","44",1,0,71.197,30,29.17,61.06,297,4.44,63.89,"1,072.333",27.67,54.36,-0.307,0.119
"398",2017,"Justin Rose","44",1,0,71.197,30,29.17,61.06,297,4.44,63.89,"1,072.333",27.67,54.36,-0.307,0.119
"399",2018,"Justin Rose","44",1,0,71.197,30,29.17,61.06,297,4.44,63.89,"1,072.333",27.67,54.36,-0.307,0.119
"400",2019,"Justin Rose","44",1,0,71.197,30,29.17,61.06,297,4.44,63.89,"1,072.333",27.67,54.36,-0.307,0.119
"401",2016,"Justin Suh","35",1,0,NA,NA,32.81,65.11,297.4,4.37,69.23,"467.333",27.96,60.42,0.445,1.687
"402",2017,"Justin Suh","35",1,0,NA,NA,32.81,65.11,297.4,4.37,69.23,"467.333",27.96,60.42,0.445,1.687
"403",2018,"Justin Suh","35",1,0,NA,NA,32.81,65.11,297.4,4.37,69.23,"467.333",27.96,60.42,0.445,1.687
"404",2019,"Justin Suh","35",1,0,NA,NA,32.81,65.11,297.4,4.37,69.23,"467.333",27.96,60.42,0.445,1.687
"405",2016,"Justin Thomas","2",5,1,69.778,45,24.75,58.5,301.7,4.53,69.44,"1,272.833",28.19,59.74,1.487,1.843
"406",2017,"Justin Thomas","2",5,1,69.778,45,24.75,58.5,301.7,4.53,69.44,"1,272.833",28.19,59.74,1.487,1.843
"407",2018,"Justin Thomas","2",5,1,69.778,45,24.75,58.5,301.7,4.53,69.44,"1,272.833",28.19,59.74,1.487,1.843
"408",2019,"Justin Thomas","2",5,1,69.778,45,24.75,58.5,301.7,4.53,69.44,"1,272.833",28.19,59.74,1.487,1.843
"409",2016,"K.J. Choi","T168",0,0,72.183,34,16.84,65.55,270.9,4.64,62.42,"1,034.750",28.85,62.61,-0.521,-1.186
"410",2017,"K.J. Choi","T168",0,0,72.183,34,16.84,65.55,270.9,4.64,62.42,"1,034.750",28.85,62.61,-0.521,-1.186
"411",2018,"K.J. Choi","T168",0,0,72.183,34,16.84,65.55,270.9,4.64,62.42,"1,034.750",28.85,62.61,-0.521,-1.186
"412",2019,"K.J. Choi","T168",0,0,72.183,34,16.84,65.55,270.9,4.64,62.42,"1,034.750",28.85,62.61,-0.521,-1.186
"413",2016,"Keegan Bradley","16",3,0,70.5,56,23.08,65.47,300,4.44,68.75,"2,309.583",29.14,59.05,1.216,0.796
"414",2017,"Keegan Bradley","16",3,0,70.5,56,23.08,65.47,300,4.44,68.75,"2,309.583",29.14,59.05,1.216,0.796
"415",2018,"Keegan Bradley","16",3,0,70.5,56,23.08,65.47,300,4.44,68.75,"2,309.583",29.14,59.05,1.216,0.796
"416",2019,"Keegan Bradley","16",3,0,70.5,56,23.08,65.47,300,4.44,68.75,"2,309.583",29.14,59.05,1.216,0.796
"417",2016,"Keith Mitchell","116",1,0,71.508,50,16.67,52.72,305.6,4.64,63,"2,326.333",28.36,57.06,-0.27,-0.213
"418",2017,"Keith Mitchell","116",1,0,71.508,50,16.67,52.72,305.6,4.64,63,"2,326.333",28.36,57.06,-0.27,-0.213
"419",2018,"Keith Mitchell","116",1,0,71.508,50,16.67,52.72,305.6,4.64,63,"2,326.333",28.36,57.06,-0.27,-0.213
"420",2019,"Keith Mitchell","116",1,0,71.508,50,16.67,52.72,305.6,4.64,63,"2,326.333",28.36,57.06,-0.27,-0.213
"421",2016,"Kelly Kraft","T175",0,0,72.016,38,18.7,60.57,285.1,4.67,61.7,"1,312.917",28.39,56.49,-0.618,-0.509
"422",2017,"Kelly Kraft","T175",0,0,72.016,38,18.7,60.57,285.1,4.67,61.7,"1,312.917",28.39,56.49,-0.618,-0.509
"423",2018,"Kelly Kraft","T175",0,0,72.016,38,18.7,60.57,285.1,4.67,61.7,"1,312.917",28.39,56.49,-0.618,-0.509
"424",2019,"Kelly Kraft","T175",0,0,72.016,38,18.7,60.57,285.1,4.67,61.7,"1,312.917",28.39,56.49,-0.618,-0.509
"425",2016,"Kevin Chappell","T138",0,0,71.271,28,20,49.74,297.7,4.8,65.67,"1,229.500",29.11,58.38,-0.602,-0.245
"426",2017,"Kevin Chappell","T138",0,0,71.271,28,20,49.74,297.7,4.8,65.67,"1,229.500",29.11,58.38,-0.602,-0.245
"427",2018,"Kevin Chappell","T138",0,0,71.271,28,20,49.74,297.7,4.8,65.67,"1,229.500",29.11,58.38,-0.602,-0.245
"428",2019,"Kevin Chappell","T138",0,0,71.271,28,20,49.74,297.7,4.8,65.67,"1,229.500",29.11,58.38,-0.602,-0.245
"429",2016,"Kevin Kisner","78",1,0,71.6,43,22.02,70.71,286.7,4.6,66.81,"1,835.167",28.78,56.9,-0.302,0.04
"430",2017,"Kevin Kisner","78",1,0,71.6,43,22.02,70.71,286.7,4.6,66.81,"1,835.167",28.78,56.9,-0.302,0.04
"431",2018,"Kevin Kisner","78",1,0,71.6,43,22.02,70.71,286.7,4.6,66.81,"1,835.167",28.78,56.9,-0.302,0.04
"432",2019,"Kevin Kisner","78",1,0,71.6,43,22.02,70.71,286.7,4.6,66.81,"1,835.167",28.78,56.9,-0.302,0.04
"433",2016,"Kevin Na","T91",1,1,71.367,50,15.2,67.02,287.7,4.59,65.48,"1,801.667",28.62,61.64,0.07,-0.099
"434",2017,"Kevin Na","T91",1,1,71.367,50,15.2,67.02,287.7,4.59,65.48,"1,801.667",28.62,61.64,0.07,-0.099
"435",2018,"Kevin Na","T91",1,1,71.367,50,15.2,67.02,287.7,4.59,65.48,"1,801.667",28.62,61.64,0.07,-0.099
"436",2019,"Kevin Na","T91",1,1,71.367,50,15.2,67.02,287.7,4.59,65.48,"1,801.667",28.62,61.64,0.07,-0.099
"437",2016,"Kevin Stadler","208",0,0,73.894,27,16.98,55.05,283.8,4.68,59.47,"1,184.500",29.22,49.75,-1.958,-2.415
"438",2017,"Kevin Stadler","208",0,0,73.894,27,16.98,55.05,283.8,4.68,59.47,"1,184.500",29.22,49.75,-1.958,-2.415
"439",2018,"Kevin Stadler","208",0,0,73.894,27,16.98,55.05,283.8,4.68,59.47,"1,184.500",29.22,49.75,-1.958,-2.415
"440",2019,"Kevin Stadler","208",0,0,73.894,27,16.98,55.05,283.8,4.68,59.47,"1,184.500",29.22,49.75,-1.958,-2.415
"441",2016,"Kevin Streelman","51",2,0,70.523,60,24.16,64.91,294.1,4.57,69.54,"2,094.500",28.89,57,0.656,0.622
"442",2017,"Kevin Streelman","51",2,0,70.523,60,24.16,64.91,294.1,4.57,69.54,"2,094.500",28.89,57,0.656,0.622
"443",2018,"Kevin Streelman","51",2,0,70.523,60,24.16,64.91,294.1,4.57,69.54,"2,094.500",28.89,57,0.656,0.622
"444",2019,"Kevin Streelman","51",2,0,70.523,60,24.16,64.91,294.1,4.57,69.54,"2,094.500",28.89,57,0.656,0.622
"445",2016,"Kevin Tway","121",0,0,71.751,32,17.98,53.36,302.5,4.59,66.67,"1,014.750",29.28,59.38,-0.402,-0.901
"446",2017,"Kevin Tway","121",0,0,71.751,32,17.98,53.36,302.5,4.59,66.67,"1,014.750",29.28,59.38,-0.402,-0.901
"447",2018,"Kevin Tway","121",0,0,71.751,32,17.98,53.36,302.5,4.59,66.67,"1,014.750",29.28,59.38,-0.402,-0.901
"448",2019,"Kevin Tway","121",0,0,71.751,32,17.98,53.36,302.5,4.59,66.67,"1,014.750",29.28,59.38,-0.402,-0.901
"449",2016,"Kiradech Aphibarnrat","214",0,0,72.419,27,17.98,56.35,288.8,4.73,56.58,"949.083",27.93,61.14,-2.365,-2.204
"450",2017,"Kiradech Aphibarnrat","214",0,0,72.419,27,17.98,56.35,288.8,4.73,56.58,"949.083",27.93,61.14,-2.365,-2.204
"451",2018,"Kiradech Aphibarnrat","214",0,0,72.419,27,17.98,56.35,288.8,4.73,56.58,"949.083",27.93,61.14,-2.365,-2.204
"452",2019,"Kiradech Aphibarnrat","214",0,0,72.419,27,17.98,56.35,288.8,4.73,56.58,"949.083",27.93,61.14,-2.365,-2.204
"453",2016,"Kramer Hickok","T132",1,0,71.794,40,20.97,64.57,292.7,4.63,65.56,"1,488.750",29.03,56.45,-0.501,-0.695
"454",2017,"Kramer Hickok","T132",1,0,71.794,40,20.97,64.57,292.7,4.63,65.56,"1,488.750",29.03,56.45,-0.501,-0.695
"455",2018,"Kramer Hickok","T132",1,0,71.794,40,20.97,64.57,292.7,4.63,65.56,"1,488.750",29.03,56.45,-0.501,-0.695
"456",2019,"Kramer Hickok","T132",1,0,71.794,40,20.97,64.57,292.7,4.63,65.56,"1,488.750",29.03,56.45,-0.501,-0.695
"457",2016,"Kris Ventura","79",2,0,71.767,52,23.17,59.53,304.4,4.54,63.57,"1,854.000",28.4,55.13,-0.447,-0.057
"458",2017,"Kris Ventura","79",2,0,71.767,52,23.17,59.53,304.4,4.54,63.57,"1,854.000",28.4,55.13,-0.447,-0.057
"459",2018,"Kris Ventura","79",2,0,71.767,52,23.17,59.53,304.4,4.54,63.57,"1,854.000",28.4,55.13,-0.447,-0.057
"460",2019,"Kris Ventura","79",2,0,71.767,52,23.17,59.53,304.4,4.54,63.57,"1,854.000",28.4,55.13,-0.447,-0.057
"461",2016,"Kyle Stanley","154",1,0,71.602,60,23.84,63.21,292.4,4.66,69.17,"1,896.917",29.42,59.76,0.568,-0.262
"462",2017,"Kyle Stanley","154",1,0,71.602,60,23.84,63.21,292.4,4.66,69.17,"1,896.917",29.42,59.76,0.568,-0.262
"463",2018,"Kyle Stanley","154",1,0,71.602,60,23.84,63.21,292.4,4.66,69.17,"1,896.917",29.42,59.76,0.568,-0.262
"464",2019,"Kyle Stanley","154",1,0,71.602,60,23.84,63.21,292.4,4.66,69.17,"1,896.917",29.42,59.76,0.568,-0.262
"465",2016,"Kyoung-Hoon Lee","T91",1,0,71.545,64,20,58.5,297.2,4.59,63.02,"2,731.000",28.09,59.86,0.136,-0.078
"466",2017,"Kyoung-Hoon Lee","T91",1,0,71.545,64,20,58.5,297.2,4.59,63.02,"2,731.000",28.09,59.86,0.136,-0.078
"467",2018,"Kyoung-Hoon Lee","T91",1,0,71.545,64,20,58.5,297.2,4.59,63.02,"2,731.000",28.09,59.86,0.136,-0.078
"468",2019,"Kyoung-Hoon Lee","T91",1,0,71.545,64,20,58.5,297.2,4.59,63.02,"2,731.000",28.09,59.86,0.136,-0.078
"469",2016,"Lanto Griffin","77",2,0,70.946,61,25.15,55.94,303.1,4.54,65.71,"2,497.667",28.55,58.66,0.12,0.753
"470",2017,"Lanto Griffin","77",2,0,70.946,61,25.15,55.94,303.1,4.54,65.71,"2,497.667",28.55,58.66,0.12,0.753
"471",2018,"Lanto Griffin","77",2,0,70.946,61,25.15,55.94,303.1,4.54,65.71,"2,497.667",28.55,58.66,0.12,0.753
"472",2019,"Lanto Griffin","77",2,0,70.946,61,25.15,55.94,303.1,4.54,65.71,"2,497.667",28.55,58.66,0.12,0.753
"473",2016,"Lee Westwood","T201",2,0,71.242,35,17.92,60.76,295,4.66,62.67,"1,590.583",29.22,54.88,0.064,0.29
"474",2017,"Lee Westwood","T201",2,0,71.242,35,17.92,60.76,295,4.66,62.67,"1,590.583",29.22,54.88,0.064,0.29
"475",2018,"Lee Westwood","T201",2,0,71.242,35,17.92,60.76,295,4.66,62.67,"1,590.583",29.22,54.88,0.064,0.29
"476",2019,"Lee Westwood","T201",2,0,71.242,35,17.92,60.76,295,4.66,62.67,"1,590.583",29.22,54.88,0.064,0.29
"477",2016,"Louis Oosthuizen","29",3,0,70.121,45,24,64.97,297.4,4.47,66.01,"1,726.333",28.55,65.76,0.918,1.703
"478",2017,"Louis Oosthuizen","29",3,0,70.121,45,24,64.97,297.4,4.47,66.01,"1,726.333",28.55,65.76,0.918,1.703
"479",2018,"Louis Oosthuizen","29",3,0,70.121,45,24,64.97,297.4,4.47,66.01,"1,726.333",28.55,65.76,0.918,1.703
"480",2019,"Louis Oosthuizen","29",3,0,70.121,45,24,64.97,297.4,4.47,66.01,"1,726.333",28.55,65.76,0.918,1.703
"481",2016,"Lucas Glover","T97",2,0,70.859,60,23.31,62.77,294.8,4.64,66.67,"2,309.583",29.12,60,0.633,0.481
"482",2017,"Lucas Glover","T97",2,0,70.859,60,23.31,62.77,294.8,4.64,66.67,"2,309.583",29.12,60,0.633,0.481
"483",2018,"Lucas Glover","T97",2,0,70.859,60,23.31,62.77,294.8,4.64,66.67,"2,309.583",29.12,60,0.633,0.481
"484",2019,"Lucas Glover","T97",2,0,70.859,60,23.31,62.77,294.8,4.64,66.67,"2,309.583",29.12,60,0.633,0.481
"485",2016,"Luke Donald","212",0,0,72.323,32,16.13,55.83,288,4.72,65.97,"978.417",29.59,55.61,-1.117,-1.722
"486",2017,"Luke Donald","212",0,0,72.323,32,16.13,55.83,288,4.72,65.97,"978.417",29.59,55.61,-1.117,-1.722
"487",2018,"Luke Donald","212",0,0,72.323,32,16.13,55.83,288,4.72,65.97,"978.417",29.59,55.61,-1.117,-1.722
"488",2019,"Luke Donald","212",0,0,72.323,32,16.13,55.83,288,4.72,65.97,"978.417",29.59,55.61,-1.117,-1.722
"489",2016,"Luke List","65",2,0,71.348,57,24.42,54.02,312.5,4.54,66.67,"2,166.500",29.25,57.02,0.519,-0.049
"490",2017,"Luke List","65",2,0,71.348,57,24.42,54.02,312.5,4.54,66.67,"2,166.500",29.25,57.02,0.519,-0.049
"491",2018,"Luke List","65",2,0,71.348,57,24.42,54.02,312.5,4.54,66.67,"2,166.500",29.25,57.02,0.519,-0.049
"492",2019,"Luke List","65",2,0,71.348,57,24.42,54.02,312.5,4.54,66.67,"2,166.500",29.25,57.02,0.519,-0.049
"493",2016,"Mackenzie Hughes","140",3,0,71.192,56,18.37,59.12,293.5,4.54,63.68,"2,442.917",28.46,59.41,-0.723,-0.077
"494",2017,"Mackenzie Hughes","140",3,0,71.192,56,18.37,59.12,293.5,4.54,63.68,"2,442.917",28.46,59.41,-0.723,-0.077
"495",2018,"Mackenzie Hughes","140",3,0,71.192,56,18.37,59.12,293.5,4.54,63.68,"2,442.917",28.46,59.41,-0.723,-0.077
"496",2019,"Mackenzie Hughes","140",3,0,71.192,56,18.37,59.12,293.5,4.54,63.68,"2,442.917",28.46,59.41,-0.723,-0.077
"497",2016,"Marc Leishman","87",3,1,71.347,51,24.17,57.89,291.2,4.44,64.58,"1,954.917",28.4,62.75,0.249,0.243
"498",2017,"Marc Leishman","87",3,1,71.347,51,24.17,57.89,291.2,4.44,64.58,"1,954.917",28.4,62.75,0.249,0.243
"499",2018,"Marc Leishman","87",3,1,71.347,51,24.17,57.89,291.2,4.44,64.58,"1,954.917",28.4,62.75,0.249,0.243
"500",2019,"Marc Leishman","87",3,1,71.347,51,24.17,57.89,291.2,4.44,64.58,"1,954.917",28.4,62.75,0.249,0.243
"501",2016,"Mark Anderson","T189",0,0,71.991,36,14.94,59.72,284.7,4.65,68.06,"509.833",29.44,60.39,-0.322,-0.571
"502",2017,"Mark Anderson","T189",0,0,71.991,36,14.94,59.72,284.7,4.65,68.06,"509.833",29.44,60.39,-0.322,-0.571
"503",2018,"Mark Anderson","T189",0,0,71.991,36,14.94,59.72,284.7,4.65,68.06,"509.833",29.44,60.39,-0.322,-0.571
"504",2019,"Mark Anderson","T189",0,0,71.991,36,14.94,59.72,284.7,4.65,68.06,"509.833",29.44,60.39,-0.322,-0.571
"505",2016,"Mark Hubbard","143",0,0,71.355,56,23.68,65.98,279,4.63,63.29,"2,525.750",28.52,59.46,-0.153,-0.035
"506",2017,"Mark Hubbard","143",0,0,71.355,56,23.68,65.98,279,4.63,63.29,"2,525.750",28.52,59.46,-0.153,-0.035
"507",2018,"Mark Hubbard","143",0,0,71.355,56,23.68,65.98,279,4.63,63.29,"2,525.750",28.52,59.46,-0.153,-0.035
"508",2019,"Mark Hubbard","143",0,0,71.355,56,23.68,65.98,279,4.63,63.29,"2,525.750",28.52,59.46,-0.153,-0.035
"509",2016,"Martin Laird","73",1,1,71.651,50,22.22,68.09,296.7,4.62,70.67,"1,807.917",29.94,57.95,0.395,0.148
"510",2017,"Martin Laird","73",1,1,71.651,50,22.22,68.09,296.7,4.62,70.67,"1,807.917",29.94,57.95,0.395,0.148
"511",2018,"Martin Laird","73",1,1,71.651,50,22.22,68.09,296.7,4.62,70.67,"1,807.917",29.94,57.95,0.395,0.148
"512",2019,"Martin Laird","73",1,1,71.651,50,22.22,68.09,296.7,4.62,70.67,"1,807.917",29.94,57.95,0.395,0.148
"513",2016,"Martin Trainer","194",0,0,73.59,39,20.78,47.43,303.3,4.72,54.7,"1,704.083",28.26,52.83,-2.248,-2.17
"514",2017,"Martin Trainer","194",0,0,73.59,39,20.78,47.43,303.3,4.72,54.7,"1,704.083",28.26,52.83,-2.248,-2.17
"515",2018,"Martin Trainer","194",0,0,73.59,39,20.78,47.43,303.3,4.72,54.7,"1,704.083",28.26,52.83,-2.248,-2.17
"516",2019,"Martin Trainer","194",0,0,73.59,39,20.78,47.43,303.3,4.72,54.7,"1,704.083",28.26,52.83,-2.248,-2.17
"517",2016,"Matt Every","216",0,0,74.511,27,16.81,52.65,288.5,4.91,54.73,"892.250",28.85,54.09,-2.148,-2.179
"518",2017,"Matt Every","216",0,0,74.511,27,16.81,52.65,288.5,4.91,54.73,"892.250",28.85,54.09,-2.148,-2.179
"519",2018,"Matt Every","216",0,0,74.511,27,16.81,52.65,288.5,4.91,54.73,"892.250",28.85,54.09,-2.148,-2.179
"520",2019,"Matt Every","216",0,0,74.511,27,16.81,52.65,288.5,4.91,54.73,"892.250",28.85,54.09,-2.148,-2.179
"521",2016,"Matt Fitzpatrick","46",4,0,70.381,43,27,68.53,289.5,4.61,66.25,"1,727.333",28.55,59.26,0.906,1.603
"522",2017,"Matt Fitzpatrick","46",4,0,70.381,43,27,68.53,289.5,4.61,66.25,"1,727.333",28.55,59.26,0.906,1.603
"523",2018,"Matt Fitzpatrick","46",4,0,70.381,43,27,68.53,289.5,4.61,66.25,"1,727.333",28.55,59.26,0.906,1.603
"524",2019,"Matt Fitzpatrick","46",4,0,70.381,43,27,68.53,289.5,4.61,66.25,"1,727.333",28.55,59.26,0.906,1.603
"525",2016,"Matt Jones","45",3,1,70.253,64,18.67,56.28,304.2,4.57,67.1,"2,194.000",28.47,64.38,0.342,0.823
"526",2017,"Matt Jones","45",3,1,70.253,64,18.67,56.28,304.2,4.57,67.1,"2,194.000",28.47,64.38,0.342,0.823
"527",2018,"Matt Jones","45",3,1,70.253,64,18.67,56.28,304.2,4.57,67.1,"2,194.000",28.47,64.38,0.342,0.823
"528",2019,"Matt Jones","45",3,1,70.253,64,18.67,56.28,304.2,4.57,67.1,"2,194.000",28.47,64.38,0.342,0.823
"529",2016,"Matt Kuchar","68",1,0,71.35,51,23.97,67.48,287.4,4.65,65.28,"2,319.417",28.73,57.45,-0.149,0.026
"530",2017,"Matt Kuchar","68",1,0,71.35,51,23.97,67.48,287.4,4.65,65.28,"2,319.417",28.73,57.45,-0.149,0.026
"531",2018,"Matt Kuchar","68",1,0,71.35,51,23.97,67.48,287.4,4.65,65.28,"2,319.417",28.73,57.45,-0.149,0.026
"532",2019,"Matt Kuchar","68",1,0,71.35,51,23.97,67.48,287.4,4.65,65.28,"2,319.417",28.73,57.45,-0.149,0.026
"533",2016,"Matt Wallace","74",1,0,70.638,39,21.15,58.13,297.3,4.41,63.89,"1,242.083",28.19,56.41,0.749,1.343
"534",2017,"Matt Wallace","74",1,0,70.638,39,21.15,58.13,297.3,4.41,63.89,"1,242.083",28.19,56.41,0.749,1.343
"535",2018,"Matt Wallace","74",1,0,70.638,39,21.15,58.13,297.3,4.41,63.89,"1,242.083",28.19,56.41,0.749,1.343
"536",2019,"Matt Wallace","74",1,0,70.638,39,21.15,58.13,297.3,4.41,63.89,"1,242.083",28.19,56.41,0.749,1.343
"537",2016,"Matthew NeSmith","57",2,0,70.858,58,21.02,65.68,297.4,4.48,73.08,"2,154.750",29.97,54.09,0.889,0.617
"538",2017,"Matthew NeSmith","57",2,0,70.858,58,21.02,65.68,297.4,4.48,73.08,"2,154.750",29.97,54.09,0.889,0.617
"539",2018,"Matthew NeSmith","57",2,0,70.858,58,21.02,65.68,297.4,4.48,73.08,"2,154.750",29.97,54.09,0.889,0.617
"540",2019,"Matthew NeSmith","57",2,0,70.858,58,21.02,65.68,297.4,4.48,73.08,"2,154.750",29.97,54.09,0.889,0.617
"541",2016,"Matthew Wolff","81",2,0,71.806,38,20.66,49.79,312.9,4.56,63.81,"1,730.417",28.63,50.44,-0.724,-0.402
"542",2017,"Matthew Wolff","81",2,0,71.806,38,20.66,49.79,312.9,4.56,63.81,"1,730.417",28.63,50.44,-0.724,-0.402
"543",2018,"Matthew Wolff","81",2,0,71.806,38,20.66,49.79,312.9,4.56,63.81,"1,730.417",28.63,50.44,-0.724,-0.402
"544",2019,"Matthew Wolff","81",2,0,71.806,38,20.66,49.79,312.9,4.56,63.81,"1,730.417",28.63,50.44,-0.724,-0.402
"545",2016,"Maverick McNealy","58",2,0,71.034,48,24.8,57.04,297.4,4.57,64.58,"1,753.500",28,61.44,-0.288,-0.129
"546",2017,"Maverick McNealy","58",2,0,71.034,48,24.8,57.04,297.4,4.57,64.58,"1,753.500",28,61.44,-0.288,-0.129
"547",2018,"Maverick McNealy","58",2,0,71.034,48,24.8,57.04,297.4,4.57,64.58,"1,753.500",28,61.44,-0.288,-0.129
"548",2019,"Maverick McNealy","58",2,0,71.034,48,24.8,57.04,297.4,4.57,64.58,"1,753.500",28,61.44,-0.288,-0.129
"549",2016,"Max Homa","27",3,1,70.508,57,33.33,57.71,303.1,4.46,64.09,"1,992.833",27.83,60.74,0.63,0.755
"550",2017,"Max Homa","27",3,1,70.508,57,33.33,57.71,303.1,4.46,64.09,"1,992.833",27.83,60.74,0.63,0.755
"551",2018,"Max Homa","27",3,1,70.508,57,33.33,57.71,303.1,4.46,64.09,"1,992.833",27.83,60.74,0.63,0.755
"552",2019,"Max Homa","27",3,1,70.508,57,33.33,57.71,303.1,4.46,64.09,"1,992.833",27.83,60.74,0.63,0.755
"553",2016,"Michael Gellerman","183",0,0,73.53,25,17.11,63.14,290.4,4.85,66.44,"439.667",29.88,57.62,-1.995,-2.058
"554",2017,"Michael Gellerman","183",0,0,73.53,25,17.11,63.14,290.4,4.85,66.44,"439.667",29.88,57.62,-1.995,-2.058
"555",2018,"Michael Gellerman","183",0,0,73.53,25,17.11,63.14,290.4,4.85,66.44,"439.667",29.88,57.62,-1.995,-2.058
"556",2019,"Michael Gellerman","183",0,0,73.53,25,17.11,63.14,290.4,4.85,66.44,"439.667",29.88,57.62,-1.995,-2.058
"557",2016,"Michael Gligic","149",1,0,72.03,48,25.95,57.59,301.6,4.52,65.63,"1,477.167",28.96,59.6,-0.948,-0.738
"558",2017,"Michael Gligic","149",1,0,72.03,48,25.95,57.59,301.6,4.52,65.63,"1,477.167",28.96,59.6,-0.948,-0.738
"559",2018,"Michael Gligic","149",1,0,72.03,48,25.95,57.59,301.6,4.52,65.63,"1,477.167",28.96,59.6,-0.948,-0.738
"560",2019,"Michael Gligic","149",1,0,72.03,48,25.95,57.59,301.6,4.52,65.63,"1,477.167",28.96,59.6,-0.948,-0.738
"561",2016,"Michael Kim","205",0,0,72.652,45,20,51.27,291,4.55,61.23,"1,425.000",28.87,58.6,-0.805,-0.784
"562",2017,"Michael Kim","205",0,0,72.652,45,20,51.27,291,4.55,61.23,"1,425.000",28.87,58.6,-0.805,-0.784
"563",2018,"Michael Kim","205",0,0,72.652,45,20,51.27,291,4.55,61.23,"1,425.000",28.87,58.6,-0.805,-0.784
"564",2019,"Michael Kim","205",0,0,72.652,45,20,51.27,291,4.55,61.23,"1,425.000",28.87,58.6,-0.805,-0.784
"565",2016,"Michael Thompson","90",1,0,71.238,54,18.95,68.35,289.5,4.64,64.92,"2,584.083",28.69,60.41,-0.082,0.016
"566",2017,"Michael Thompson","90",1,0,71.238,54,18.95,68.35,289.5,4.64,64.92,"2,584.083",28.69,60.41,-0.082,0.016
"567",2018,"Michael Thompson","90",1,0,71.238,54,18.95,68.35,289.5,4.64,64.92,"2,584.083",28.69,60.41,-0.082,0.016
"568",2019,"Michael Thompson","90",1,0,71.238,54,18.95,68.35,289.5,4.64,64.92,"2,584.083",28.69,60.41,-0.082,0.016
"569",2016,"Nate Lashley","T130",2,0,71.245,56,14.29,60.9,292.8,4.62,65.38,"1,683.667",28.95,61.89,-0.289,-0.198
"570",2017,"Nate Lashley","T130",2,0,71.245,56,14.29,60.9,292.8,4.62,65.38,"1,683.667",28.95,61.89,-0.289,-0.198
"571",2018,"Nate Lashley","T130",2,0,71.245,56,14.29,60.9,292.8,4.62,65.38,"1,683.667",28.95,61.89,-0.289,-0.198
"572",2019,"Nate Lashley","T130",2,0,71.245,56,14.29,60.9,292.8,4.62,65.38,"1,683.667",28.95,61.89,-0.289,-0.198
"573",2016,"Nelson Ledesma","172",0,0,71.95,28,20,54.34,292.2,4.47,63.89,"842.750",28.5,60.44,-0.374,-0.064
"574",2017,"Nelson Ledesma","172",0,0,71.95,28,20,54.34,292.2,4.47,63.89,"842.750",28.5,60.44,-0.374,-0.064
"575",2018,"Nelson Ledesma","172",0,0,71.95,28,20,54.34,292.2,4.47,63.89,"842.750",28.5,60.44,-0.374,-0.064
"576",2019,"Nelson Ledesma","172",0,0,71.95,28,20,54.34,292.2,4.47,63.89,"842.750",28.5,60.44,-0.374,-0.064
"577",2016,"Nick Taylor","T93",0,0,71.76,56,33.33,63.01,294.3,4.63,65.28,"2,611.583",28.66,62,-0.251,-0.293
"578",2017,"Nick Taylor","T93",0,0,71.76,56,33.33,63.01,294.3,4.63,65.28,"2,611.583",28.66,62,-0.251,-0.293
"579",2018,"Nick Taylor","T93",0,0,71.76,56,33.33,63.01,294.3,4.63,65.28,"2,611.583",28.66,62,-0.251,-0.293
"580",2019,"Nick Taylor","T93",0,0,71.76,56,33.33,63.01,294.3,4.63,65.28,"2,611.583",28.66,62,-0.251,-0.293
"581",2016,"Nick Watney","206",0,0,72.915,34,10.1,47.06,301.1,4.66,61.76,"973.083",28.56,63.25,-0.681,-1.327
"582",2017,"Nick Watney","206",0,0,72.915,34,10.1,47.06,301.1,4.66,61.76,"973.083",28.56,63.25,-0.681,-1.327
"583",2018,"Nick Watney","206",0,0,72.915,34,10.1,47.06,301.1,4.66,61.76,"973.083",28.56,63.25,-0.681,-1.327
"584",2019,"Nick Watney","206",0,0,72.915,34,10.1,47.06,301.1,4.66,61.76,"973.083",28.56,63.25,-0.681,-1.327
"585",2016,"Padraig Harrington","195",0,0,71.786,30,16.33,55.05,300.4,4.63,60.19,"1,039.917",28.9,56.28,-0.612,-0.934
"586",2017,"Padraig Harrington","195",0,0,71.786,30,16.33,55.05,300.4,4.63,60.19,"1,039.917",28.9,56.28,-0.612,-0.934
"587",2018,"Padraig Harrington","195",0,0,71.786,30,16.33,55.05,300.4,4.63,60.19,"1,039.917",28.9,56.28,-0.612,-0.934
"588",2019,"Padraig Harrington","195",0,0,71.786,30,16.33,55.05,300.4,4.63,60.19,"1,039.917",28.9,56.28,-0.612,-0.934
"589",2016,"Pat Perez","103",1,0,71.167,64,27.16,58.84,295,4.58,64.58,"1,884.333",28.53,63.73,-0.18,0.21
"590",2017,"Pat Perez","103",1,0,71.167,64,27.16,58.84,295,4.58,64.58,"1,884.333",28.53,63.73,-0.18,0.21
"591",2018,"Pat Perez","103",1,0,71.167,64,27.16,58.84,295,4.58,64.58,"1,884.333",28.53,63.73,-0.18,0.21
"592",2019,"Pat Perez","103",1,0,71.167,64,27.16,58.84,295,4.58,64.58,"1,884.333",28.53,63.73,-0.18,0.21
"593",2016,"Patrick Cantlay","8",4,1,70.357,49,20,61.49,301.8,4.46,68.72,"1,665.667",28.11,68.34,0.984,1.555
"594",2017,"Patrick Cantlay","8",4,1,70.357,49,20,61.49,301.8,4.46,68.72,"1,665.667",28.11,68.34,0.984,1.555
"595",2018,"Patrick Cantlay","8",4,1,70.357,49,20,61.49,301.8,4.46,68.72,"1,665.667",28.11,68.34,0.984,1.555
"596",2019,"Patrick Cantlay","8",4,1,70.357,49,20,61.49,301.8,4.46,68.72,"1,665.667",28.11,68.34,0.984,1.555
"597",2016,"Patrick Reed","21",4,1,70.23,39,30.69,64.68,288.8,4.53,64.2,"1,334.917",27.69,57.76,0.505,1.607
"598",2017,"Patrick Reed","21",4,1,70.23,39,30.69,64.68,288.8,4.53,64.2,"1,334.917",27.69,57.76,0.505,1.607
"599",2018,"Patrick Reed","21",4,1,70.23,39,30.69,64.68,288.8,4.53,64.2,"1,334.917",27.69,57.76,0.505,1.607
"600",2019,"Patrick Reed","21",4,1,70.23,39,30.69,64.68,288.8,4.53,64.2,"1,334.917",27.69,57.76,0.505,1.607
"601",2016,"Patrick Rodgers","T135",0,0,71.457,58,19.08,50.12,306,4.59,66.28,"1,926.417",29.19,55.11,-0.538,-0.387
"602",2017,"Patrick Rodgers","T135",0,0,71.457,58,19.08,50.12,306,4.59,66.28,"1,926.417",29.19,55.11,-0.538,-0.387
"603",2018,"Patrick Rodgers","T135",0,0,71.457,58,19.08,50.12,306,4.59,66.28,"1,926.417",29.19,55.11,-0.538,-0.387
"604",2019,"Patrick Rodgers","T135",0,0,71.457,58,19.08,50.12,306,4.59,66.28,"1,926.417",29.19,55.11,-0.538,-0.387
"605",2016,"Patton Kizzire","25",3,0,70.542,58,25.17,57.8,301.2,4.55,69.64,"1,886.167",28.53,57.41,0.15,0.624
"606",2017,"Patton Kizzire","25",3,0,70.542,58,25.17,57.8,301.2,4.55,69.64,"1,886.167",28.53,57.41,0.15,0.624
"607",2018,"Patton Kizzire","25",3,0,70.542,58,25.17,57.8,301.2,4.55,69.64,"1,886.167",28.53,57.41,0.15,0.624
"608",2019,"Patton Kizzire","25",3,0,70.542,58,25.17,57.8,301.2,4.55,69.64,"1,886.167",28.53,57.41,0.15,0.624
"609",2016,"Paul Casey","42",4,0,70.678,43,19.19,62.41,302.8,4.63,67.78,"1,290.917",29.05,62.5,0.962,1.171
"610",2017,"Paul Casey","42",4,0,70.678,43,19.19,62.41,302.8,4.63,67.78,"1,290.917",29.05,62.5,0.962,1.171
"611",2018,"Paul Casey","42",4,0,70.678,43,19.19,62.41,302.8,4.63,67.78,"1,290.917",29.05,62.5,0.962,1.171
"612",2019,"Paul Casey","42",4,0,70.678,43,19.19,62.41,302.8,4.63,67.78,"1,290.917",29.05,62.5,0.962,1.171
"613",2016,"Peter Malnati","T71",3,0,71.094,52,22.37,57.28,290.8,4.54,63.14,"1,880.750",27.69,57.97,-0.088,0.369
"614",2017,"Peter Malnati","T71",3,0,71.094,52,22.37,57.28,290.8,4.54,63.14,"1,880.750",27.69,57.97,-0.088,0.369
"615",2018,"Peter Malnati","T71",3,0,71.094,52,22.37,57.28,290.8,4.54,63.14,"1,880.750",27.69,57.97,-0.088,0.369
"616",2019,"Peter Malnati","T71",3,0,71.094,52,22.37,57.28,290.8,4.54,63.14,"1,880.750",27.69,57.97,-0.088,0.369
"617",2016,"Peter Uihlein","105",1,0,71.479,24,22.06,46.43,292.5,4.64,58.1,"595.000",26.83,65.19,0.572,0.174
"618",2017,"Peter Uihlein","105",1,0,71.479,24,22.06,46.43,292.5,4.64,58.1,"595.000",26.83,65.19,0.572,0.174
"619",2018,"Peter Uihlein","105",1,0,71.479,24,22.06,46.43,292.5,4.64,58.1,"595.000",26.83,65.19,0.572,0.174
"620",2019,"Peter Uihlein","105",1,0,71.479,24,22.06,46.43,292.5,4.64,58.1,"595.000",26.83,65.19,0.572,0.174
"621",2016,"Phil Mickelson","203",0,0,72.284,38,25,50.19,300.8,4.83,65.64,"1,390.833",29.79,53.62,-0.686,-0.741
"622",2017,"Phil Mickelson","203",0,0,72.284,38,25,50.19,300.8,4.83,65.64,"1,390.833",29.79,53.62,-0.686,-0.741
"623",2018,"Phil Mickelson","203",0,0,72.284,38,25,50.19,300.8,4.83,65.64,"1,390.833",29.79,53.62,-0.686,-0.741
"624",2019,"Phil Mickelson","203",0,0,72.284,38,25,50.19,300.8,4.83,65.64,"1,390.833",29.79,53.62,-0.686,-0.741
"625",2016,"Rafa Cabrera Bello","167",0,0,72.032,38,20.61,66.17,288.9,4.76,62.13,"1,534.000",29.39,54.05,-0.918,-0.491
"626",2017,"Rafa Cabrera Bello","167",0,0,72.032,38,20.61,66.17,288.9,4.76,62.13,"1,534.000",29.39,54.05,-0.918,-0.491
"627",2018,"Rafa Cabrera Bello","167",0,0,72.032,38,20.61,66.17,288.9,4.76,62.13,"1,534.000",29.39,54.05,-0.918,-0.491
"628",2019,"Rafa Cabrera Bello","167",0,0,72.032,38,20.61,66.17,288.9,4.76,62.13,"1,534.000",29.39,54.05,-0.918,-0.491
"629",2016,"Rafael Campos","T189",2,0,71.769,36,25.25,58.33,298.4,4.55,63.89,"932.000",28.69,60.68,-0.971,-0.518
"630",2017,"Rafael Campos","T189",2,0,71.769,36,25.25,58.33,298.4,4.55,63.89,"932.000",28.69,60.68,-0.971,-0.518
"631",2018,"Rafael Campos","T189",2,0,71.769,36,25.25,58.33,298.4,4.55,63.89,"932.000",28.69,60.68,-0.971,-0.518
"632",2019,"Rafael Campos","T189",2,0,71.769,36,25.25,58.33,298.4,4.55,63.89,"932.000",28.69,60.68,-0.971,-0.518
"633",2016,"Rhein Gibson","211",0,0,72.595,38,19.33,48.31,288.8,4.67,60.82,"827.667",28.21,57.09,-2.043,-1.936
"634",2017,"Rhein Gibson","211",0,0,72.595,38,19.33,48.31,288.8,4.67,60.82,"827.667",28.21,57.09,-2.043,-1.936
"635",2018,"Rhein Gibson","211",0,0,72.595,38,19.33,48.31,288.8,4.67,60.82,"827.667",28.21,57.09,-2.043,-1.936
"636",2019,"Rhein Gibson","211",0,0,72.595,38,19.33,48.31,288.8,4.67,60.82,"827.667",28.21,57.09,-2.043,-1.936
"637",2016,"Richy Werenski","T97",2,0,71.585,54,17.36,60.71,295.5,4.48,62.76,"2,737.750",28.13,61.05,-0.082,-0.116
"638",2017,"Richy Werenski","T97",2,0,71.585,54,17.36,60.71,295.5,4.48,62.76,"2,737.750",28.13,61.05,-0.082,-0.116
"639",2018,"Richy Werenski","T97",2,0,71.585,54,17.36,60.71,295.5,4.48,62.76,"2,737.750",28.13,61.05,-0.082,-0.116
"640",2019,"Richy Werenski","T97",2,0,71.585,54,17.36,60.71,295.5,4.48,62.76,"2,737.750",28.13,61.05,-0.082,-0.116
"641",2016,"Rickie Fowler","151",0,0,71.656,50,20.63,59.77,301.1,4.71,64.33,"2,182.667",29,54.52,0.226,-0.134
"642",2017,"Rickie Fowler","151",0,0,71.656,50,20.63,59.77,301.1,4.71,64.33,"2,182.667",29,54.52,0.226,-0.134
"643",2018,"Rickie Fowler","151",0,0,71.656,50,20.63,59.77,301.1,4.71,64.33,"2,182.667",29,54.52,0.226,-0.134
"644",2019,"Rickie Fowler","151",0,0,71.656,50,20.63,59.77,301.1,4.71,64.33,"2,182.667",29,54.52,0.226,-0.134
"645",2016,"Rob Oppenheim","T117",1,0,71.723,48,20.14,65.48,285.6,4.52,62.5,"1,387.917",27.94,61.11,-0.132,-0.297
"646",2017,"Rob Oppenheim","T117",1,0,71.723,48,20.14,65.48,285.6,4.52,62.5,"1,387.917",27.94,61.11,-0.132,-0.297
"647",2018,"Rob Oppenheim","T117",1,0,71.723,48,20.14,65.48,285.6,4.52,62.5,"1,387.917",27.94,61.11,-0.132,-0.297
"648",2019,"Rob Oppenheim","T117",1,0,71.723,48,20.14,65.48,285.6,4.52,62.5,"1,387.917",27.94,61.11,-0.132,-0.297
"649",2016,"Robby Shelton","180",0,0,72.039,50,21.94,53.01,293.4,4.58,61,"2,010.167",28.1,58.97,-0.61,-0.78
"650",2017,"Robby Shelton","180",0,0,72.039,50,21.94,53.01,293.4,4.58,61,"2,010.167",28.1,58.97,-0.61,-0.78
"651",2018,"Robby Shelton","180",0,0,72.039,50,21.94,53.01,293.4,4.58,61,"2,010.167",28.1,58.97,-0.61,-0.78
"652",2019,"Robby Shelton","180",0,0,72.039,50,21.94,53.01,293.4,4.58,61,"2,010.167",28.1,58.97,-0.61,-0.78
"653",2016,"Robert MacIntyre","210",1,0,NA,NA,23.33,54.55,299.4,4.75,55.81,"1,129.667",29,56.57,-0.807,-0.948
"654",2017,"Robert MacIntyre","210",1,0,NA,NA,23.33,54.55,299.4,4.75,55.81,"1,129.667",29,56.57,-0.807,-0.948
"655",2018,"Robert MacIntyre","210",1,0,NA,NA,23.33,54.55,299.4,4.75,55.81,"1,129.667",29,56.57,-0.807,-0.948
"656",2019,"Robert MacIntyre","210",1,0,NA,NA,23.33,54.55,299.4,4.75,55.81,"1,129.667",29,56.57,-0.807,-0.948
"657",2016,"Robert Streb","134",1,1,71.457,46,20.66,58.64,290.4,4.61,63.89,"1,721.333",28.46,62.88,-0.398,-0.417
"658",2017,"Robert Streb","134",1,1,71.457,46,20.66,58.64,290.4,4.61,63.89,"1,721.333",28.46,62.88,-0.398,-0.417
"659",2018,"Robert Streb","134",1,1,71.457,46,20.66,58.64,290.4,4.61,63.89,"1,721.333",28.46,62.88,-0.398,-0.417
"660",2019,"Robert Streb","134",1,1,71.457,46,20.66,58.64,290.4,4.61,63.89,"1,721.333",28.46,62.88,-0.398,-0.417
"661",2016,"Roger Sloan","T123",0,0,70.822,46,24.11,59.32,295.1,4.63,68.6,"1,336.750",29.15,62.69,0.849,0.608
"662",2017,"Roger Sloan","T123",0,0,70.822,46,24.11,59.32,295.1,4.63,68.6,"1,336.750",29.15,62.69,0.849,0.608
"663",2018,"Roger Sloan","T123",0,0,70.822,46,24.11,59.32,295.1,4.63,68.6,"1,336.750",29.15,62.69,0.849,0.608
"664",2019,"Roger Sloan","T123",0,0,70.822,46,24.11,59.32,295.1,4.63,68.6,"1,336.750",29.15,62.69,0.849,0.608
"665",2016,"Rory McIlroy","47",4,0,70.554,41,19.82,57.2,318.2,4.54,65.35,"1,545.000",28.76,57.81,1.064,1.103
"666",2017,"Rory McIlroy","47",4,0,70.554,41,19.82,57.2,318.2,4.54,65.35,"1,545.000",28.76,57.81,1.064,1.103
"667",2018,"Rory McIlroy","47",4,0,70.554,41,19.82,57.2,318.2,4.54,65.35,"1,545.000",28.76,57.81,1.064,1.103
"668",2019,"Rory McIlroy","47",4,0,70.554,41,19.82,57.2,318.2,4.54,65.35,"1,545.000",28.76,57.81,1.064,1.103
"669",2016,"Rory Sabbatini","T85",1,0,71.144,51,21.76,60.03,288.3,4.7,65.14,"2,239.417",28.94,52.19,-0.251,0.046
"670",2017,"Rory Sabbatini","T85",1,0,71.144,51,21.76,60.03,288.3,4.7,65.14,"2,239.417",28.94,52.19,-0.251,0.046
"671",2018,"Rory Sabbatini","T85",1,0,71.144,51,21.76,60.03,288.3,4.7,65.14,"2,239.417",28.94,52.19,-0.251,0.046
"672",2019,"Rory Sabbatini","T85",1,0,71.144,51,21.76,60.03,288.3,4.7,65.14,"2,239.417",28.94,52.19,-0.251,0.046
"673",2016,"Russell Henley","20",4,0,69.645,49,19.77,66.98,290.1,4.62,71.62,"1,768.917",28.89,66.38,1.18,1.469
"674",2017,"Russell Henley","20",4,0,69.645,49,19.77,66.98,290.1,4.62,71.62,"1,768.917",28.89,66.38,1.18,1.469
"675",2018,"Russell Henley","20",4,0,69.645,49,19.77,66.98,290.1,4.62,71.62,"1,768.917",28.89,66.38,1.18,1.469
"676",2019,"Russell Henley","20",4,0,69.645,49,19.77,66.98,290.1,4.62,71.62,"1,768.917",28.89,66.38,1.18,1.469
"677",2016,"Russell Knox","89",2,0,71.032,56,20,64.36,291.1,4.64,70.24,"1,944.417",29.55,61,0.518,0.059
"678",2017,"Russell Knox","89",2,0,71.032,56,20,64.36,291.1,4.64,70.24,"1,944.417",29.55,61,0.518,0.059
"679",2018,"Russell Knox","89",2,0,71.032,56,20,64.36,291.1,4.64,70.24,"1,944.417",29.55,61,0.518,0.059
"680",2019,"Russell Knox","89",2,0,71.032,56,20,64.36,291.1,4.64,70.24,"1,944.417",29.55,61,0.518,0.059
"681",2016,"Ryan Armour","100",1,0,71.228,48,22.96,70.15,279.8,4.65,64.47,"1,815.000",28.69,58.63,-0.517,-0.165
"682",2017,"Ryan Armour","100",1,0,71.228,48,22.96,70.15,279.8,4.65,64.47,"1,815.000",28.69,58.63,-0.517,-0.165
"683",2018,"Ryan Armour","100",1,0,71.228,48,22.96,70.15,279.8,4.65,64.47,"1,815.000",28.69,58.63,-0.517,-0.165
"684",2019,"Ryan Armour","100",1,0,71.228,48,22.96,70.15,279.8,4.65,64.47,"1,815.000",28.69,58.63,-0.517,-0.165
"685",2016,"Ryan Brehm","96",0,0,71.537,32,22.68,55.58,310.7,4.54,67.36,"592.083",29.38,54.26,-1.259,-1.745
"686",2017,"Ryan Brehm","96",0,0,71.537,32,22.68,55.58,310.7,4.54,67.36,"592.083",29.38,54.26,-1.259,-1.745
"687",2018,"Ryan Brehm","96",0,0,71.537,32,22.68,55.58,310.7,4.54,67.36,"592.083",29.38,54.26,-1.259,-1.745
"688",2019,"Ryan Brehm","96",0,0,71.537,32,22.68,55.58,310.7,4.54,67.36,"592.083",29.38,54.26,-1.259,-1.745
"689",2016,"Ryan Moore","160",0,0,71.778,24,20,72.62,287.4,4.72,64.81,"1,039.333",29.25,60.53,0.563,-0.229
"690",2017,"Ryan Moore","160",0,0,71.778,24,20,72.62,287.4,4.72,64.81,"1,039.333",29.25,60.53,0.563,-0.229
"691",2018,"Ryan Moore","160",0,0,71.778,24,20,72.62,287.4,4.72,64.81,"1,039.333",29.25,60.53,0.563,-0.229
"692",2019,"Ryan Moore","160",0,0,71.778,24,20,72.62,287.4,4.72,64.81,"1,039.333",29.25,60.53,0.563,-0.229
"693",2016,"Ryan Palmer","T17",4,0,70.623,53,25.42,59.71,303.5,4.37,69.56,"2,195.333",28.28,64.23,0.889,1.115
"694",2017,"Ryan Palmer","T17",4,0,70.623,53,25.42,59.71,303.5,4.37,69.56,"2,195.333",28.28,64.23,0.889,1.115
"695",2018,"Ryan Palmer","T17",4,0,70.623,53,25.42,59.71,303.5,4.37,69.56,"2,195.333",28.28,64.23,0.889,1.115
"696",2019,"Ryan Palmer","T17",4,0,70.623,53,25.42,59.71,303.5,4.37,69.56,"2,195.333",28.28,64.23,0.889,1.115
"697",2016,"Sam Burns","28",4,0,70.653,50,25.19,57.18,307.6,4.52,68.44,"2,108.500",28.6,55.28,0.473,0.97
"698",2017,"Sam Burns","28",4,0,70.653,50,25.19,57.18,307.6,4.52,68.44,"2,108.500",28.6,55.28,0.473,0.97
"699",2018,"Sam Burns","28",4,0,70.653,50,25.19,57.18,307.6,4.52,68.44,"2,108.500",28.6,55.28,0.473,0.97
"700",2019,"Sam Burns","28",4,0,70.653,50,25.19,57.18,307.6,4.52,68.44,"2,108.500",28.6,55.28,0.473,0.97
"701",2016,"Sam Ryder","99",3,0,71.293,52,21.74,62.26,296.8,4.57,69.02,"1,648.750",29.08,56.55,0.194,-0.235
"702",2017,"Sam Ryder","99",3,0,71.293,52,21.74,62.26,296.8,4.57,69.02,"1,648.750",29.08,56.55,0.194,-0.235
"703",2018,"Sam Ryder","99",3,0,71.293,52,21.74,62.26,296.8,4.57,69.02,"1,648.750",29.08,56.55,0.194,-0.235
"704",2019,"Sam Ryder","99",3,0,71.293,52,21.74,62.26,296.8,4.57,69.02,"1,648.750",29.08,56.55,0.194,-0.235
"705",2016,"Satoshi Kodaira","T191",0,0,71.77,46,22.22,68.71,286.3,4.79,64.13,"1,832.167",29.22,60.27,-0.398,-0.731
"706",2017,"Satoshi Kodaira","T191",0,0,71.77,46,22.22,68.71,286.3,4.79,64.13,"1,832.167",29.22,60.27,-0.398,-0.731
"707",2018,"Satoshi Kodaira","T191",0,0,71.77,46,22.22,68.71,286.3,4.79,64.13,"1,832.167",29.22,60.27,-0.398,-0.731
"708",2019,"Satoshi Kodaira","T191",0,0,71.77,46,22.22,68.71,286.3,4.79,64.13,"1,832.167",29.22,60.27,-0.398,-0.731
"709",2016,"Scott Brown","T135",0,0,72.16,50,21.43,59.77,296.9,4.7,63.33,"1,672.583",28.76,62.12,-0.987,-0.98
"710",2017,"Scott Brown","T135",0,0,72.16,50,21.43,59.77,296.9,4.7,63.33,"1,672.583",28.76,62.12,-0.987,-0.98
"711",2018,"Scott Brown","T135",0,0,72.16,50,21.43,59.77,296.9,4.7,63.33,"1,672.583",28.76,62.12,-0.987,-0.98
"712",2019,"Scott Brown","T135",0,0,72.16,50,21.43,59.77,296.9,4.7,63.33,"1,672.583",28.76,62.12,-0.987,-0.98
"713",2016,"Scott Harrington","147",0,0,71.926,56,18.32,57.69,305.9,4.72,60.71,"1,892.667",28.64,56.57,-0.092,-0.433
"714",2017,"Scott Harrington","147",0,0,71.926,56,18.32,57.69,305.9,4.72,60.71,"1,892.667",28.64,56.57,-0.092,-0.433
"715",2018,"Scott Harrington","147",0,0,71.926,56,18.32,57.69,305.9,4.72,60.71,"1,892.667",28.64,56.57,-0.092,-0.433
"716",2019,"Scott Harrington","147",0,0,71.926,56,18.32,57.69,305.9,4.72,60.71,"1,892.667",28.64,56.57,-0.092,-0.433
"717",2016,"Scott Piercy","106",0,0,71.121,48,24.8,58.68,292.4,4.59,65.05,"2,010.000",28.71,64.24,0.169,-0.238
"718",2017,"Scott Piercy","106",0,0,71.121,48,24.8,58.68,292.4,4.59,65.05,"2,010.000",28.71,64.24,0.169,-0.238
"719",2018,"Scott Piercy","106",0,0,71.121,48,24.8,58.68,292.4,4.59,65.05,"2,010.000",28.71,64.24,0.169,-0.238
"720",2019,"Scott Piercy","106",0,0,71.121,48,24.8,58.68,292.4,4.59,65.05,"2,010.000",28.71,64.24,0.169,-0.238
"721",2016,"Scott Stallings","111",1,0,71.189,44,14.71,60.1,296.4,4.53,67.8,"1,765.583",29.18,67.84,0.301,0.011
"722",2017,"Scott Stallings","111",1,0,71.189,44,14.71,60.1,296.4,4.53,67.8,"1,765.583",29.18,67.84,0.301,0.011
"723",2018,"Scott Stallings","111",1,0,71.189,44,14.71,60.1,296.4,4.53,67.8,"1,765.583",29.18,67.84,0.301,0.011
"724",2019,"Scott Stallings","111",1,0,71.189,44,14.71,60.1,296.4,4.53,67.8,"1,765.583",29.18,67.84,0.301,0.011
"725",2016,"Scottie Scheffler","T17",4,0,70.786,63,30.71,66.92,304.7,4.47,68.75,"2,341.917",28.55,60.95,0.745,0.848
"726",2017,"Scottie Scheffler","T17",4,0,70.786,63,30.71,66.92,304.7,4.47,68.75,"2,341.917",28.55,60.95,0.745,0.848
"727",2018,"Scottie Scheffler","T17",4,0,70.786,63,30.71,66.92,304.7,4.47,68.75,"2,341.917",28.55,60.95,0.745,0.848
"728",2019,"Scottie Scheffler","T17",4,0,70.786,63,30.71,66.92,304.7,4.47,68.75,"2,341.917",28.55,60.95,0.745,0.848
"729",2016,"Sean O'Hair","T173",0,0,72.529,25,17.95,62.43,296.6,4.66,66.67,"903.417",29.92,56.67,-1.208,-2.168
"730",2017,"Sean O'Hair","T173",0,0,72.529,25,17.95,62.43,296.6,4.66,66.67,"903.417",29.92,56.67,-1.208,-2.168
"731",2018,"Sean O'Hair","T173",0,0,72.529,25,17.95,62.43,296.6,4.66,66.67,"903.417",29.92,56.67,-1.208,-2.168
"732",2019,"Sean O'Hair","T173",0,0,72.529,25,17.95,62.43,296.6,4.66,66.67,"903.417",29.92,56.67,-1.208,-2.168
"733",2016,"Sebastian Cappelen","T152",0,0,72.201,38,19.13,51.32,298.9,4.62,61.84,"1,019.833",28.05,56.7,-1.223,-0.765
"734",2017,"Sebastian Cappelen","T152",0,0,72.201,38,19.13,51.32,298.9,4.62,61.84,"1,019.833",28.05,56.7,-1.223,-0.765
"735",2018,"Sebastian Cappelen","T152",0,0,72.201,38,19.13,51.32,298.9,4.62,61.84,"1,019.833",28.05,56.7,-1.223,-0.765
"736",2019,"Sebastian Cappelen","T152",0,0,72.201,38,19.13,51.32,298.9,4.62,61.84,"1,019.833",28.05,56.7,-1.223,-0.765
"737",2016,"Sebastián Muñoz","70",2,0,71.352,65,25.27,62.44,297.6,4.54,66.67,"2,467.000",29.16,58.06,0.301,0.228
"738",2017,"Sebastián Muñoz","70",2,0,71.352,65,25.27,62.44,297.6,4.54,66.67,"2,467.000",29.16,58.06,0.301,0.228
"739",2018,"Sebastián Muñoz","70",2,0,71.352,65,25.27,62.44,297.6,4.54,66.67,"2,467.000",29.16,58.06,0.301,0.228
"740",2019,"Sebastián Muñoz","70",2,0,71.352,65,25.27,62.44,297.6,4.54,66.67,"2,467.000",29.16,58.06,0.301,0.228
"741",2016,"Sepp Straka","40",2,0,70.825,70,22.16,57.27,303.1,4.53,66.75,"2,523.500",28.57,58.95,0.037,0.173
"742",2017,"Sepp Straka","40",2,0,70.825,70,22.16,57.27,303.1,4.53,66.75,"2,523.500",28.57,58.95,0.037,0.173
"743",2018,"Sepp Straka","40",2,0,70.825,70,22.16,57.27,303.1,4.53,66.75,"2,523.500",28.57,58.95,0.037,0.173
"744",2019,"Sepp Straka","40",2,0,70.825,70,22.16,57.27,303.1,4.53,66.75,"2,523.500",28.57,58.95,0.037,0.173
"745",2016,"Sergio Garcia","52",3,1,70.942,45,27.27,59.61,308.9,4.45,70,"1,809.833",29.6,62.96,1.177,0.62
"746",2017,"Sergio Garcia","52",3,1,70.942,45,27.27,59.61,308.9,4.45,70,"1,809.833",29.6,62.96,1.177,0.62
"747",2018,"Sergio Garcia","52",3,1,70.942,45,27.27,59.61,308.9,4.45,70,"1,809.833",29.6,62.96,1.177,0.62
"748",2019,"Sergio Garcia","52",3,1,70.942,45,27.27,59.61,308.9,4.45,70,"1,809.833",29.6,62.96,1.177,0.62
"749",2016,"Shane Lowry","88",2,0,70.494,47,32,60.62,299.6,4.68,68.69,"1,825.833",29.75,56.45,0.881,0.748
"750",2017,"Shane Lowry","88",2,0,70.494,47,32,60.62,299.6,4.68,68.69,"1,825.833",29.75,56.45,0.881,0.748
"751",2018,"Shane Lowry","88",2,0,70.494,47,32,60.62,299.6,4.68,68.69,"1,825.833",29.75,56.45,0.881,0.748
"752",2019,"Shane Lowry","88",2,0,70.494,47,32,60.62,299.6,4.68,68.69,"1,825.833",29.75,56.45,0.881,0.748
"753",2016,"Si Woo Kim","75",3,1,70.642,62,19.55,59.71,297.8,4.6,67.51,"2,306.417",28.85,65.22,0.77,0.854
"754",2017,"Si Woo Kim","75",3,1,70.642,62,19.55,59.71,297.8,4.6,67.51,"2,306.417",28.85,65.22,0.77,0.854
"755",2018,"Si Woo Kim","75",3,1,70.642,62,19.55,59.71,297.8,4.6,67.51,"2,306.417",28.85,65.22,0.77,0.854
"756",2019,"Si Woo Kim","75",3,1,70.642,62,19.55,59.71,297.8,4.6,67.51,"2,306.417",28.85,65.22,0.77,0.854
"757",2016,"Steve Stricker","95",1,0,70.705,26,16.88,67.31,283.3,4.63,63.68,"864.083",28.54,60,0.026,0.362
"758",2017,"Steve Stricker","95",1,0,70.705,26,16.88,67.31,283.3,4.63,63.68,"864.083",28.54,60,0.026,0.362
"759",2018,"Steve Stricker","95",1,0,70.705,26,16.88,67.31,283.3,4.63,63.68,"864.083",28.54,60,0.026,0.362
"760",2019,"Steve Stricker","95",1,0,70.705,26,16.88,67.31,283.3,4.63,63.68,"864.083",28.54,60,0.026,0.362
"761",2016,"Stewart Cink","22",3,2,70.383,50,27.93,58.69,306,4.6,73.56,"1,570.083",29.28,58.82,0.494,0.728
"762",2017,"Stewart Cink","22",3,2,70.383,50,27.93,58.69,306,4.6,73.56,"1,570.083",29.28,58.82,0.494,0.728
"763",2018,"Stewart Cink","22",3,2,70.383,50,27.93,58.69,306,4.6,73.56,"1,570.083",29.28,58.82,0.494,0.728
"764",2019,"Stewart Cink","22",3,2,70.383,50,27.93,58.69,306,4.6,73.56,"1,570.083",29.28,58.82,0.494,0.728
"765",2016,"Sung Kang","215",0,0,73.276,54,15.84,52.52,290.6,4.71,59.47,"2,493.083",29.26,50.76,-1.973,-2.281
"766",2017,"Sung Kang","215",0,0,73.276,54,15.84,52.52,290.6,4.71,59.47,"2,493.083",29.26,50.76,-1.973,-2.281
"767",2018,"Sung Kang","215",0,0,73.276,54,15.84,52.52,290.6,4.71,59.47,"2,493.083",29.26,50.76,-1.973,-2.281
"768",2019,"Sung Kang","215",0,0,73.276,54,15.84,52.52,290.6,4.71,59.47,"2,493.083",29.26,50.76,-1.973,-2.281
"769",2016,"Sungjae Im","13",3,0,70.383,77,21.84,69.86,297.5,4.57,68.77,"2,925.833",28.5,62.26,0.498,1.081
"770",2017,"Sungjae Im","13",3,0,70.383,77,21.84,69.86,297.5,4.57,68.77,"2,925.833",28.5,62.26,0.498,1.081
"771",2018,"Sungjae Im","13",3,0,70.383,77,21.84,69.86,297.5,4.57,68.77,"2,925.833",28.5,62.26,0.498,1.081
"772",2019,"Sungjae Im","13",3,0,70.383,77,21.84,69.86,297.5,4.57,68.77,"2,925.833",28.5,62.26,0.498,1.081
"773",2016,"Talor Gooch","43",3,0,70.395,57,25.78,59.76,300.8,4.57,66.05,"2,571.000",28.33,65.15,0.583,0.904
"774",2017,"Talor Gooch","43",3,0,70.395,57,25.78,59.76,300.8,4.57,66.05,"2,571.000",28.33,65.15,0.583,0.904
"775",2018,"Talor Gooch","43",3,0,70.395,57,25.78,59.76,300.8,4.57,66.05,"2,571.000",28.33,65.15,0.583,0.904
"776",2019,"Talor Gooch","43",3,0,70.395,57,25.78,59.76,300.8,4.57,66.05,"2,571.000",28.33,65.15,0.583,0.904
"777",2016,"Ted Potter, Jr.","188",1,0,71.903,38,21.32,53.96,290.4,4.67,63.89,"1,402.417",29.13,53.44,-0.363,-1.084
"778",2017,"Ted Potter, Jr.","188",1,0,71.903,38,21.32,53.96,290.4,4.67,63.89,"1,402.417",29.13,53.44,-0.363,-1.084
"779",2018,"Ted Potter, Jr.","188",1,0,71.903,38,21.32,53.96,290.4,4.67,63.89,"1,402.417",29.13,53.44,-0.363,-1.084
"780",2019,"Ted Potter, Jr.","188",1,0,71.903,38,21.32,53.96,290.4,4.67,63.89,"1,402.417",29.13,53.44,-0.363,-1.084
"781",2016,"Tim Wilkinson","113",0,0,71.897,38,16,66.92,275.7,4.7,64.91,"701.333",28.74,62.08,-0.244,-0.361
"782",2017,"Tim Wilkinson","113",0,0,71.897,38,16,66.92,275.7,4.7,64.91,"701.333",28.74,62.08,-0.244,-0.361
"783",2018,"Tim Wilkinson","113",0,0,71.897,38,16,66.92,275.7,4.7,64.91,"701.333",28.74,62.08,-0.244,-0.361
"784",2019,"Tim Wilkinson","113",0,0,71.897,38,16,66.92,275.7,4.7,64.91,"701.333",28.74,62.08,-0.244,-0.361
"785",2016,"Tom Hoge","76",1,0,70.892,62,23.27,61.83,289.2,4.57,65.05,"2,416.083",27.94,61.03,0.356,0.508
"786",2017,"Tom Hoge","76",1,0,70.892,62,23.27,61.83,289.2,4.57,65.05,"2,416.083",27.94,61.03,0.356,0.508
"787",2018,"Tom Hoge","76",1,0,70.892,62,23.27,61.83,289.2,4.57,65.05,"2,416.083",27.94,61.03,0.356,0.508
"788",2019,"Tom Hoge","76",1,0,70.892,62,23.27,61.83,289.2,4.57,65.05,"2,416.083",27.94,61.03,0.356,0.508
"789",2016,"Tom Lewis","125",1,0,71.333,46,22.56,53.89,304.3,4.65,64.61,"1,719.833",28.96,60.41,0.232,0.153
"790",2017,"Tom Lewis","125",1,0,71.333,46,22.56,53.89,304.3,4.65,64.61,"1,719.833",28.96,60.41,0.232,0.153
"791",2018,"Tom Lewis","125",1,0,71.333,46,22.56,53.89,304.3,4.65,64.61,"1,719.833",28.96,60.41,0.232,0.153
"792",2019,"Tom Lewis","125",1,0,71.333,46,22.56,53.89,304.3,4.65,64.61,"1,719.833",28.96,60.41,0.232,0.153
"793",2016,"Tommy Fleetwood","112",2,0,71.603,39,22.55,62.08,298.2,4.67,64.54,"1,388.583",29.21,57.14,0.188,-0.022
"794",2017,"Tommy Fleetwood","112",2,0,71.603,39,22.55,62.08,298.2,4.67,64.54,"1,388.583",29.21,57.14,0.188,-0.022
"795",2018,"Tommy Fleetwood","112",2,0,71.603,39,22.55,62.08,298.2,4.67,64.54,"1,388.583",29.21,57.14,0.188,-0.022
"796",2019,"Tommy Fleetwood","112",2,0,71.603,39,22.55,62.08,298.2,4.67,64.54,"1,388.583",29.21,57.14,0.188,-0.022
"797",2016,"Tony Finau","11",6,0,69.998,55,23.13,54.83,304.9,4.48,66.13,"1,604.250",27.87,62.46,1.41,1.519
"798",2017,"Tony Finau","11",6,0,69.998,55,23.13,54.83,304.9,4.48,66.13,"1,604.250",27.87,62.46,1.41,1.519
"799",2018,"Tony Finau","11",6,0,69.998,55,23.13,54.83,304.9,4.48,66.13,"1,604.250",27.87,62.46,1.41,1.519
"800",2019,"Tony Finau","11",6,0,69.998,55,23.13,54.83,304.9,4.48,66.13,"1,604.250",27.87,62.46,1.41,1.519
"801",2016,"Troy Merritt","158",0,0,71.333,60,18.71,59.45,291.9,4.68,63.8,"2,372.167",29.12,62.66,-0.076,-0.313
"802",2017,"Troy Merritt","158",0,0,71.333,60,18.71,59.45,291.9,4.68,63.8,"2,372.167",29.12,62.66,-0.076,-0.313
"803",2018,"Troy Merritt","158",0,0,71.333,60,18.71,59.45,291.9,4.68,63.8,"2,372.167",29.12,62.66,-0.076,-0.313
"804",2019,"Troy Merritt","158",0,0,71.333,60,18.71,59.45,291.9,4.68,63.8,"2,372.167",29.12,62.66,-0.076,-0.313
"805",2016,"Tyler Duncan","T168",0,0,71.69,62,21.08,66.59,288.8,4.68,64.43,"2,431.833",29.23,59.45,0.318,-0.284
"806",2017,"Tyler Duncan","T168",0,0,71.69,62,21.08,66.59,288.8,4.68,64.43,"2,431.833",29.23,59.45,0.318,-0.284
"807",2018,"Tyler Duncan","T168",0,0,71.69,62,21.08,66.59,288.8,4.68,64.43,"2,431.833",29.23,59.45,0.318,-0.284
"808",2019,"Tyler Duncan","T168",0,0,71.69,62,21.08,66.59,288.8,4.68,64.43,"2,431.833",29.23,59.45,0.318,-0.284
"809",2016,"Tyler McCumber","156",2,0,71.581,46,16.22,57.61,308.4,4.6,64.98,"1,715.500",29.37,56.9,0.007,-0.731
"810",2017,"Tyler McCumber","156",2,0,71.581,46,16.22,57.61,308.4,4.6,64.98,"1,715.500",29.37,56.9,0.007,-0.731
"811",2018,"Tyler McCumber","156",2,0,71.581,46,16.22,57.61,308.4,4.6,64.98,"1,715.500",29.37,56.9,0.007,-0.731
"812",2019,"Tyler McCumber","156",2,0,71.581,46,16.22,57.61,308.4,4.6,64.98,"1,715.500",29.37,56.9,0.007,-0.731
"813",2016,"Tyrrell Hatton","24",3,0,70.34,45,19.8,64.31,295.9,4.6,65.61,"1,667.250",28.19,62.69,0.977,1.274
"814",2017,"Tyrrell Hatton","24",3,0,70.34,45,19.8,64.31,295.9,4.6,65.61,"1,667.250",28.19,62.69,0.977,1.274
"815",2018,"Tyrrell Hatton","24",3,0,70.34,45,19.8,64.31,295.9,4.6,65.61,"1,667.250",28.19,62.69,0.977,1.274
"816",2019,"Tyrrell Hatton","24",3,0,70.34,45,19.8,64.31,295.9,4.6,65.61,"1,667.250",28.19,62.69,0.977,1.274
"817",2016,"Vaughn Taylor","129",0,0,71.569,51,17.04,65.59,279.8,4.65,63.94,"1,254.167",28.1,62.54,-0.6,-0.379
"818",2017,"Vaughn Taylor","129",0,0,71.569,51,17.04,65.59,279.8,4.65,63.94,"1,254.167",28.1,62.54,-0.6,-0.379
"819",2018,"Vaughn Taylor","129",0,0,71.569,51,17.04,65.59,279.8,4.65,63.94,"1,254.167",28.1,62.54,-0.6,-0.379
"820",2019,"Vaughn Taylor","129",0,0,71.569,51,17.04,65.59,279.8,4.65,63.94,"1,254.167",28.1,62.54,-0.6,-0.379
"821",2016,"Victor Perez","199",2,0,NA,NA,20,66.43,295.9,4.8,63.89,"794.333",29.6,50,-0.68,-0.215
"822",2017,"Victor Perez","199",2,0,NA,NA,20,66.43,295.9,4.8,63.89,"794.333",29.6,50,-0.68,-0.215
"823",2018,"Victor Perez","199",2,0,NA,NA,20,66.43,295.9,4.8,63.89,"794.333",29.6,50,-0.68,-0.215
"824",2019,"Victor Perez","199",2,0,NA,NA,20,66.43,295.9,4.8,63.89,"794.333",29.6,50,-0.68,-0.215
"825",2016,"Viktor Hovland","7",4,1,70.191,53,32.31,63.65,301.1,4.43,68.78,"1,987.833",28.54,59.43,1.299,1.271
"826",2017,"Viktor Hovland","7",4,1,70.191,53,32.31,63.65,301.1,4.43,68.78,"1,987.833",28.54,59.43,1.299,1.271
"827",2018,"Viktor Hovland","7",4,1,70.191,53,32.31,63.65,301.1,4.43,68.78,"1,987.833",28.54,59.43,1.299,1.271
"828",2019,"Viktor Hovland","7",4,1,70.191,53,32.31,63.65,301.1,4.43,68.78,"1,987.833",28.54,59.43,1.299,1.271
"829",2016,"Vincent Whaley","159",0,0,71.551,50,22.58,55.71,295.6,4.57,64.11,"1,622.250",28.5,62.54,-0.521,-0.483
"830",2017,"Vincent Whaley","159",0,0,71.551,50,22.58,55.71,295.6,4.57,64.11,"1,622.250",28.5,62.54,-0.521,-0.483
"831",2018,"Vincent Whaley","159",0,0,71.551,50,22.58,55.71,295.6,4.57,64.11,"1,622.250",28.5,62.54,-0.521,-0.483
"832",2019,"Vincent Whaley","159",0,0,71.551,50,22.58,55.71,295.6,4.57,64.11,"1,622.250",28.5,62.54,-0.521,-0.483
"833",2016,"Webb Simpson","T14",5,0,69.844,49,26.14,71.12,292.7,4.5,70.05,"1,522.667",28.63,70.97,0.926,1.516
"834",2017,"Webb Simpson","T14",5,0,69.844,49,26.14,71.12,292.7,4.5,70.05,"1,522.667",28.63,70.97,0.926,1.516
"835",2018,"Webb Simpson","T14",5,0,69.844,49,26.14,71.12,292.7,4.5,70.05,"1,522.667",28.63,70.97,0.926,1.516
"836",2019,"Webb Simpson","T14",5,0,69.844,49,26.14,71.12,292.7,4.5,70.05,"1,522.667",28.63,70.97,0.926,1.516
"837",2016,"Wesley Bryan","107",0,0,71.467,26,22.47,49.18,299.3,4.59,61.75,"1,060.667",28.15,53.63,-0.197,0.124
"838",2017,"Wesley Bryan","107",0,0,71.467,26,22.47,49.18,299.3,4.59,61.75,"1,060.667",28.15,53.63,-0.197,0.124
"839",2018,"Wesley Bryan","107",0,0,71.467,26,22.47,49.18,299.3,4.59,61.75,"1,060.667",28.15,53.63,-0.197,0.124
"840",2019,"Wesley Bryan","107",0,0,71.467,26,22.47,49.18,299.3,4.59,61.75,"1,060.667",28.15,53.63,-0.197,0.124
"841",2016,"Will Gordon","T71",0,0,71.581,64,22.61,54.82,314.6,4.64,66.93,"2,503.583",29.28,51.97,-0.446,-0.4
"842",2017,"Will Gordon","T71",0,0,71.581,64,22.61,54.82,314.6,4.64,66.93,"2,503.583",29.28,51.97,-0.446,-0.4
"843",2018,"Will Gordon","T71",0,0,71.581,64,22.61,54.82,314.6,4.64,66.93,"2,503.583",29.28,51.97,-0.446,-0.4
"844",2019,"Will Gordon","T71",0,0,71.581,64,22.61,54.82,314.6,4.64,66.93,"2,503.583",29.28,51.97,-0.446,-0.4
"845",2016,"Will Zalatoris","30",6,0,69.967,61,27.34,56.4,307.6,4.5,69.44,"2,110.750",29.26,59.56,1.317,1.438
"846",2017,"Will Zalatoris","30",6,0,69.967,61,27.34,56.4,307.6,4.5,69.44,"2,110.750",29.26,59.56,1.317,1.438
"847",2018,"Will Zalatoris","30",6,0,69.967,61,27.34,56.4,307.6,4.5,69.44,"2,110.750",29.26,59.56,1.317,1.438
"848",2019,"Will Zalatoris","30",6,0,69.967,61,27.34,56.4,307.6,4.5,69.44,"2,110.750",29.26,59.56,1.317,1.438
"849",2016,"Wyndham Clark","37",2,0,70.917,50,26.61,48.71,317.3,4.52,64.78,"2,095.583",28.22,63.09,0.007,-0.02
"850",2017,"Wyndham Clark","37",2,0,70.917,50,26.61,48.71,317.3,4.52,64.78,"2,095.583",28.22,63.09,0.007,-0.02
"851",2018,"Wyndham Clark","37",2,0,70.917,50,26.61,48.71,317.3,4.52,64.78,"2,095.583",28.22,63.09,0.007,-0.02
"852",2019,"Wyndham Clark","37",2,0,70.917,50,26.61,48.71,317.3,4.52,64.78,"2,095.583",28.22,63.09,0.007,-0.02
"853",2016,"Xander Schauffele","1",6,0,69.892,49,28.45,59.94,306.3,4.31,68.6,"1,598.917",28.11,61.92,1.151,1.851
"854",2017,"Xander Schauffele","1",6,0,69.892,49,28.45,59.94,306.3,4.31,68.6,"1,598.917",28.11,61.92,1.151,1.851
"855",2018,"Xander Schauffele","1",6,0,69.892,49,28.45,59.94,306.3,4.31,68.6,"1,598.917",28.11,61.92,1.151,1.851
"856",2019,"Xander Schauffele","1",6,0,69.892,49,28.45,59.94,306.3,4.31,68.6,"1,598.917",28.11,61.92,1.151,1.851
"857",2016,"Xinjun Zhang","209",0,0,72.068,52,16.67,57.3,291.6,4.7,63.25,"1,791.167",28.87,59.01,-0.562,-1.063
"858",2017,"Xinjun Zhang","209",0,0,72.068,52,16.67,57.3,291.6,4.7,63.25,"1,791.167",28.87,59.01,-0.562,-1.063
"859",2018,"Xinjun Zhang","209",0,0,72.068,52,16.67,57.3,291.6,4.7,63.25,"1,791.167",28.87,59.01,-0.562,-1.063
"860",2019,"Xinjun Zhang","209",0,0,72.068,52,16.67,57.3,291.6,4.7,63.25,"1,791.167",28.87,59.01,-0.562,-1.063
"861",2016,"Zach Johnson","T82",3,0,70.497,54,20.59,61.97,290.4,4.66,68.31,"2,063.333",29.28,59.09,0.004,0.732
"862",2017,"Zach Johnson","T82",3,0,70.497,54,20.59,61.97,290.4,4.66,68.31,"2,063.333",29.28,59.09,0.004,0.732
"863",2018,"Zach Johnson","T82",3,0,70.497,54,20.59,61.97,290.4,4.66,68.31,"2,063.333",29.28,59.09,0.004,0.732
"864",2019,"Zach Johnson","T82",3,0,70.497,54,20.59,61.97,290.4,4.66,68.31,"2,063.333",29.28,59.09,0.004,0.732
